#UID,filename,consideredRecs,unconsideredRecs,avgDxDt,stdevDxDt,avgDyDt,stdevDyDt,dtMax,DxDtMax,DyDtMax,MinX,MinY,MaxX,MaxY,AreaX,AreaY,AreaDiagonal
#Num,538,,,,,,,,,,,,,,,,
1,new_abboip.txt,3001,0,279.7956601,3036.800814,223.5230757,985.7598874,31731,164775.1103,50828.4795,37.61393,-122.50297,37.80851,-122.38413,17607.96619,21660.54652,13229.20829
2,new_abcoij.txt,3001,0,29.19371756,106.6603817,37.33609505,161.9464552,185712,1600.571879,5546.493629,37.70846,-122.49979,37.80654,-122.3794,14625.56449,10918.21566,13401.7535
3,new_abdremlu.txt,3001,0,493.7569883,691.397027,384.4685404,515.1124286,20302,7838.916143,8635.211929,37.38463,-122.50833,37.8908,-122.00312,63774.47906,56346.58665,56239.71994
4,new_abgibo.txt,3001,0,286.8429544,1399.93089,375.6165807,2536.764485,17055,41544.43396,79782.67905,37.6138,-122.51005,37.82788,-122.2497,31667.5475,23831.27659,28982.02943
5,new_abjoolaw.txt,3001,0,323.2016135,1022.834594,319.4982465,1347.914718,13674,30390.22099,44501.07964,37.61406,-122.51686,37.99972,-122,61931.31832,42931.47482,57536.59201
6,new_abmuyawm.txt,3001,0,313.7803678,1641.746666,298.0838386,1245.187728,97448,74806.69781,47422.10308,37.60155,-122.51777,37.88044,-122.26103,33066.46102,31045.89279,28580.16607
7,new_abniar.txt,3001,0,315.6384475,974.3880934,676.0008915,16768.38681,7153,39407.09974,901220.3336,37.55359,-123.49799,37.86628,-122.17748,148204.9481,34808.49158,146998.5008
9,new_abtyff.txt,3001,0,329.8480958,874.3648839,314.0230169,752.3268443,17800,36134.30671,19970.71665,37.55913,-122.51668,37.93451,-122.19552,42169.64714,41787.11045,35751.36766
10,new_abwecnij.txt,3001,0,337.9363219,526.7117664,316.8368873,1800.898344,18472,8348.961809,94777.41446,37.43626,-122.51729,37.88815,-122.21564,43043.73538,50304.16469,33579.5244
8,new_abnovkak.txt,3001,0,85.01273864,766.1483888,71.35401593,820.8148555,36598,37603.72399,39774.45406,37.6148,-122.47651,37.80898,-122.38583,15371.42301,21616.01872,10094.45143
15,new_acitva.txt,3001,1,524.2197631,3839.683965,433.2126476,3506.551069,27238,159097.8162,159966.1083,37.49247,-122.51662,37.90291,-122.243,39069.83829,45689.9718,30459.23907
16,new_ackgrica.txt,3001,1,396.826943,2448.80267,715.7251893,20972.94536,33148,126473.7841,1148483.187,37.27299,-122.54637,37.90744,-122.0057,71026.57663,70626.65093,60187.10909
14,new_acgerl.txt,3001,0,256.3913785,690.178069,261.1864753,813.8282738,62390,20712.84659,33529.43063,37.32318,-122.51316,37.82999,-122.00037,64537.93717,56417.83113,57083.52168
13,new_acduou.txt,3001,0,300.4794155,1539.788749,326.0852128,1212.542843,22757,60813.83782,40903.2337,37.55414,-122.50518,37.83587,-122.18889,39003.29727,31362.04014,35209.24174
12,new_acdiyito.txt,3001,0,295.1866852,1199.349662,270.8876254,1464.718303,43170,59978.94164,77745.53237,37.55147,-122.47619,37.89395,-122.26031,31529.34237,38124.69921,24031.65167
11,new_abyalwif.txt,3001,0,235.8729149,433.388362,244.0330891,334.8822449,93320,10018.75417,9150.462143,37.61406,-122.51009,37.80874,-122.38434,18197.53915,21671.67847,13998.42597
17,new_acpegho.txt,3001,0,341.3345087,1161.820617,291.3294284,886.1668188,15994,56639.35692,43481.3931,37.61375,-122.4967,37.80908,-122.38418,17115.50881,21744.03614,12525.6691
18,new_acvebr.txt,3001,0,262.1578535,927.3399497,324.2196329,1880.365307,64221,25737.06627,56349.92624,37.55216,-122.50525,37.86628,-122.2641,32732.21142,34967.67845,26844.6952
19,new_adkavy.txt,3001,0,404.418076,694.176928,307.2946158,466.6273065,38201,18423.37573,12512.31077,37.49853,-122.48034,37.83787,-122.254,32307.76719,37775.15601,25196.05355
20,new_adnerst.txt,3001,0,302.3381244,578.6143991,305.751807,767.5947672,17375,19236.00801,27985.71999,37.61381,-122.50605,37.93446,-122.19664,39384.85736,35694.59472,34443.36365
21,new_adpaifo.txt,3001,0,187.6796721,845.929306,221.2984225,409.2549896,11666,42947.05955,12356.46348,37.61421,-122.5138,37.80845,-122.38453,18484.54359,21622.69789,14390.27057
22,new_aducrisi.txt,3001,0,307.318928,952.1458633,331.5222642,1803.39449,44086,44531.8443,93259.42141,37.52247,-122.51081,37.89618,-122.00492,60534.35413,41601.2069,56315.4172
24,new_afpansh.txt,3001,0,214.6849974,659.8134226,336.0882015,1880.207968,13608,23711.05154,88899.74535,37.58938,-122.49601,37.82567,-122.18781,37082.24579,26303.68248,34308.66706
23,new_afmorc.txt,3001,0,283.8890881,1172.571428,300.9902649,782.8121575,21751,59177.44131,33061.88877,37.43756,-122.49103,37.86156,-122.12543,47882.51272,47199.4641,40698.40583
25,new_afsfat.txt,3001,0,465.4064943,6004.75527,282.6533681,641.2546279,40761,269870.5057,16163.59006,34.71077,-122.51058,37.80861,-122.1919,187893.2967,344849.9714,35475.29533
26,new_afweka.txt,3001,0,229.3114333,465.8967203,249.6908897,401.274863,20672,10152.33756,10553.08773,37.61351,-122.5075,37.82719,-122.2508,31286.29781,23786.74879,28575.71329
27,new_agcowktu.txt,3001,0,815.3031549,25837.41869,331.6280421,3148.556898,48540,1390888.057,168706.9147,34.66292,-122.50313,37.85877,-122.03082,197049.7565,355760.3947,52577.3087
29,new_aggjuo.txt,3001,0,257.5638366,684.4331529,300.3427634,1713.96127,42479,17232.25717,86895.99451,37.5571,-122.50893,37.82443,-122.19004,38906.40989,29759.03947,35498.67242
28,new_agdrea.txt,3001,0,429.7784153,1223.987307,389.4384705,1497.358678,35298,37179.40028,61110.47152,37.40593,-122.50606,37.85883,-122.09174,53412.83579,50416.59738,46121.89143
30,new_agivle.txt,3001,0,339.6866886,802.3772316,335.6162599,717.5419821,16740,24712.92696,26649.8861,37.30107,-122.51121,37.86189,-122.00057,65888.95091,62430.19683,56844.18478
31,new_agjitfa.txt,3001,0,270.5489301,518.1959514,275.3830899,736.3728312,23927,11198.74077,23310.30137,37.6148,-122.51376,37.97661,-122.23222,38043.39693,40276.50496,31340.88944
33,new_agvexpia.txt,3001,0,457.6311337,701.6450028,378.143695,559.5267325,7947,12680.88028,8015.003337,37.48217,-122.51439,37.90143,-122.06299,56094.29246,46671.80971,50249.61814
32,new_agsuec.txt,3001,0,275.3166477,494.3691006,259.7900467,415.5991482,24362,8816.503671,8616.128587,37.56611,-122.53448,37.99905,-122.26732,39387.47862,48194.66034,29740.11516
34,new_agyamker.txt,3001,0,564.3311598,3771.583436,406.1880425,3044.117931,36559,167758.4726,161346.47,37.33345,-122.50967,37.87681,-122.05945,59628.46649,60486.55852,50118.26114
38,new_ainplin.txt,3001,0,251.9912198,1133.100835,231.2092862,327.9877028,13241,50427.72933,5744.085725,37.61347,-122.51112,37.82516,-122.19025,37879.48157,23565.22301,35719.08501
36,new_ailbcuv.txt,3001,0,322.4555776,539.299815,317.9510585,561.2764768,46501,10820.25451,18835.25784,37.36013,-122.51377,37.8896,-122.00319,64962.27226,58940.33079,56837.50561
35,new_aichash.txt,3001,0,393.9773087,724.1282532,324.4913044,492.0530638,50643,20772.21698,11221.00467,37.54759,-122.48448,37.88747,-122.18786,38727.8058,37835.26853,33019.58736
37,new_aimidd.txt,3001,0,350.9736773,559.756978,345.4435794,497.864087,22415,7480.669781,7191.239105,37.38464,-122.5171,37.89809,-122.00516,64641.22653,57156.99255,56988.90012
39,new_aitpygg.txt,3001,0,238.3519392,1882.246781,227.9153997,835.8483284,40729,99519.62477,36000.72332,37.61373,-122.50734,37.8086,-122.38475,17935.46962,21692.82917,13646.65638
40,new_aivtytan.txt,3001,0,299.1277495,583.9185657,276.4796813,781.5282667,13845,10152.33756,38138.05755,37.56623,-122.49248,37.85661,-122.32314,25602.40637,32324.95374,18850.84257
42,new_ajixdo.txt,3001,0,275.3981517,721.248259,294.8646919,884.6346322,13105,25848.38576,32327.18013,37.61427,-122.5075,37.84959,-122.19664,37336.12835,26195.70257,34604.77691
41,new_aiwalb.txt,3001,0,327.3590979,663.2153602,295.8358383,1327.627905,28813,19025.08687,67812.65323,37.53871,-122.49929,37.80848,-122.25376,31711.875,30030.65903,27332.27457
43,new_ajsips.txt,3001,0,210.0850737,354.7419584,236.5583456,399.829055,12644,3113.07376,8453.920187,37.61429,-122.54179,37.99824,-122.38455,28856.52419,42741.11849,17503.87673
44,new_ajsnedsi.txt,3001,0,388.9255843,609.9995406,341.6529218,672.0856111,13520,11154.21298,28052.51168,37.34931,-122.49421,37.82535,-122.08814,53336.3752,52992.5304,45203.50563
46,new_ajtreo.txt,3001,0,431.5319412,1736.449514,458.0368913,3116.288234,16289,79114.76211,154489.1893,37.24447,-122.5067,37.84166,-122.00732,65948.1052,66478.88671,55590.72731
45,new_ajthof.txt,3001,0,363.1148875,2125.161146,270.445533,943.5740942,22052,82420.95098,43514.78895,37.61388,-122.51632,37.88005,-122.29346,29455.01166,29629.90886,24808.66172
47,new_akgicjud.txt,3001,0,205.325783,326.312446,250.0352372,337.128961,23321,2260.641967,8539.795222,37.36407,-122.50891,37.80817,-122.07041,55499.397,49436.98586,48813.59671
48,new_akvutvo.txt,3001,0,321.2492091,582.1850064,290.2973838,412.7093488,15481,15729.44405,5460.221023,37.55525,-122.50536,37.95596,-122.09527,51498.99079,44606.83316,45651.00998
52,new_alsheth.txt,3001,0,315.3339037,878.3639694,351.539446,1582.786622,16913,27006.10847,48179.07562,37.61346,-122.50956,37.91159,-122.22888,35943.68199,33187.67979,31245.15468
51,new_alnihi.txt,3001,0,268.5209746,604.0400304,243.8253853,593.7981516,12914,19436.38309,26583.0944,37.61362,-122.49219,37.80853,-122.38422,16730.43814,21697.28195,12019.16542
49,new_akyeerbi.txt,3001,0,312.9862024,552.2524,271.1275348,502.4979796,45989,8816.503671,11287.79637,37.45495,-122.495,37.96452,-122.15576,48437.06824,56725.07292,37764.02406
50,new_aldhidd.txt,3001,0,211.4230491,373.8572755,240.0817339,1034.514677,35269,4341.460141,40408.97516,37.48848,-122.4902,37.80839,-122.20318,37200.92676,35612.2183,31950.92025
53,new_amciuca.txt,3001,0,271.6104474,452.8122065,300.6528699,487.8762936,21590,6478.794364,11020.62959,37.35445,-122.50908,37.83071,-122.01346,62006.30665,53017.02069,55172.16603
54,new_amknywr.txt,3001,0,329.5497914,1346.04441,385.2877478,2463.307971,35249,46487.01936,96068.72055,37.43753,-122.51091,37.8344,-122.1253,48994.67601,44179.36631,42925.90884
55,new_amnurgji.txt,3001,0,192.1566807,340.1586649,243.1524194,1008.414798,24577,5499.182845,52431.48016,37.61419,-122.5099,37.85764,-122.18938,38514.28993,27100.73003,35680.12319
56,new_amvefarl.txt,3001,0,321.244797,1760.155039,278.1573756,542.921909,31643,92038.95499,17299.04887,37.58472,-122.51686,37.90248,-122.25343,34912.66313,35372.88139,29324.89346
57,new_amwibs.txt,3001,0,257.2705382,849.5575477,287.7475687,693.8460504,8234,37403.34891,26716.67779,37.55416,-122.51378,37.86841,-122.12156,47498.37909,34982.14998,43661.73068
58,new_ancedvab.txt,3001,0,288.1277889,976.2940616,330.1301846,1578.02707,53782,41076.8921,72402.19681,37.43749,-122.51378,37.83598,-122.12641,49213.43315,44359.70389,43121.83115
59,new_ancorjo.txt,3001,0,421.0522645,1113.177552,358.4691596,670.5772216,35511,40742.93363,17436.21038,37.43915,-122.50802,37.97127,-122.18784,47695.70266,59235.32744,35642.27456
60,new_ancyclsu.txt,3001,0,329.5893883,762.4865281,369.7465313,1985.748725,24278,30857.76285,104796.1686,37.32003,-122.50185,37.8396,-122.02445,61461.07566,57838.26783,53143.9249
61,new_andyol.txt,3001,0,461.1746993,6241.460856,374.8437487,1905.594167,27718,337298.0571,93307.99718,37.38212,-122.51379,37.82557,-122.02861,60097.74879,49364.62819,54009.99054
63,new_anidgib.txt,3001,0,334.7871023,550.6025608,315.7244451,436.7532322,32935,7046.523767,5643.898183,37.40424,-122.50861,37.82552,-122.05158,56706.72963,46896.67508,50876.34688
62,new_aniajcr.txt,3001,0,219.5331644,369.4007088,259.3628404,419.8045348,13549,4950.006691,13491.92228,37.55222,-122.51128,37.8275,-122.22878,35470.05635,30644.02943,31447.75615
64,new_ankped.txt,3001,0,1035.036614,5220.860875,1928.307008,10988.96707,15444,146407.3943,317794.8823,37.6138,-122.50535,37.87551,-122.15857,41629.18548,29133.42394,38603.37302
66,new_anucks.txt,3001,0,356.5003117,1038.615502,300.0355081,594.9660354,15333,47221.72799,17833.38243,37.59867,-122.50879,37.82529,-122.18837,38137.60438,25227.223,35668.99124
65,new_ansyut.txt,3001,0,211.2061998,1089.644189,247.6579772,2604.264074,12717,46219.85258,123898.5933,37.61433,-122.49723,37.8248,-122.3677,19125.90268,23429.41323,14419.21364
67,new_anupwr.txt,3001,0,266.0095496,440.3438008,262.5000581,350.6529599,49664,5877.669114,6745.961142,37.61389,-122.50472,37.84681,-122.25619,30955.3122,25928.5358,27666.23305
68,new_apigcyd.txt,3001,0,286.2909273,1208.992554,349.1589876,2032.755042,65736,44327.42123,84402.43792,37.43943,-122.4888,37.87228,-122.11981,48479.82213,48184.64159,41075.77891
69,new_appsri.txt,3001,0,260.1244329,494.5240696,262.6947651,446.5687227,98746,13859.2766,12499.58854,37.55536,-122.50618,37.83778,-122.09661,48589.75906,31438.85059,45593.12384
70,new_apsskyul.txt,3001,0,227.1884719,339.4796132,248.4696701,333.4015367,30520,2742.633954,2944.400531,37.36389,-122.53979,37.97116,-122.00342,69769.7274,67600.98717,59708.43528
71,new_aquawaw.txt,3001,0,309.3378644,847.8098508,271.2921716,465.0403759,53595,31191.72132,9016.878754,37.48751,-122.52064,37.97429,-122.18731,47093.14197,54188.10173,37106.12587
72,new_arcksy.txt,3001,0,248.1517023,413.7943734,261.0159676,330.1166721,29460,3873.91828,5159.658398,37.55281,-122.51378,37.80864,-122.26938,31192.00681,28478.86533,27206.48355
73,new_arcuim.txt,3001,0,310.8107317,976.7636984,285.3899236,384.7351375,26368,46887.76952,4608.626919,37.5224,-122.48472,37.83379,-122.26006,31143.36354,34663.77624,25009.0368
74,new_arcurbig.txt,3001,0,297.3462543,2538.924422,269.4413783,608.7132505,25598,136789.3903,22798.23171,37.61348,-122.487,37.82548,-122.19044,35344.2442,23599.73205,33012.90819
75,new_arhilby.txt,3001,0,287.3832038,948.1996393,297.117717,1537.261104,6158,44516.66437,78213.07423,37.55292,-122.54765,37.90691,-122.19351,44712.94939,39405.98655,39422.68447
76,new_arlwras.txt,3001,0,343.0591248,940.6622238,390.0143746,4987.52038,10082,29622.1165,270506.3626,37.42428,-122.47872,37.86841,-122.14115,45939.29011,49440.32545,37578.12051
77,new_arphaud.txt,3001,0,312.8138195,489.9556688,282.7724657,396.0419254,25299,4141.085057,7168.975207,37.61385,-122.48946,37.8555,-122.27324,28051.50359,26900.35495,24069.5003
78,new_artgagvu.txt,3001,0,281.8779691,553.0227536,270.7460512,357.0629318,16037,17766.59073,5810.877419,37.50315,-122.51708,37.94567,-122.18726,45198.31095,49261.10107,36715.39445
79,new_ascley.txt,3001,0,247.9814101,438.9147702,286.7954383,561.0383559,47723,9885.170782,17232.25717,37.34348,-122.51086,37.87665,-122.00012,65083.29203,59352.21291,56855.31673
81,new_asigno.txt,3001,0,264.0627684,688.3391641,354.5627223,2695.440912,8303,20955.89414,119690.7165,37.57052,-122.51382,37.82561,-122.19025,39093.64985,28396.48891,36019.64764
80,new_ashgati.txt,3001,0,264.1063414,476.2344819,260.4927128,348.2256905,12291,10820.25451,2968.715052,37.5133,-122.47953,37.80857,-122.2529,30758.41822,32869.30605,25228.3362
82,new_askmecle.txt,3001,0,408.4579485,634.8134493,353.1190183,596.3012999,55533,8549.336893,14694.17278,37.38112,-122.50776,37.86587,-122.01186,62265.2471,53962.12316,55203.33548
83,new_aslagni.txt,3001,0,379.3662314,922.5088112,333.6275586,1239.454842,48737,39574.07898,43013.85124,37.51329,-122.5368,37.99189,-122.00175,66004.7358,53277.50829,59561.49355
84,new_aswift.txt,3001,0,225.7337062,510.1867263,253.2758982,696.079319,27692,18100.5492,23243.50968,37.61393,-122.51137,37.82517,-122.18984,37939.86235,23515.12924,35792.55587
86,new_atfrav.txt,3001,0,189.1739396,275.1555723,254.7169915,504.1843898,167037,3840.522432,18634.88276,37.61411,-122.50452,37.84591,-122.03805,53723.7616,25803.85797,51927.20287
85,new_atcilav.txt,3001,0,279.202427,850.4854346,268.1971493,1042.565926,17867,24178.5934,43748.55988,37.61379,-122.51136,37.83709,-122.18826,38347.89601,24857.64229,35967.32748
87,new_atfrim.txt,3001,0,445.2262065,614.6757821,365.375937,499.1629303,41155,7747.836559,6567.849957,37.41876,-122.51708,37.99923,-122.10233,57658.10272,64617.62482,46169.75881
88,new_atidfi.txt,3001,0,400.7016285,1154.917291,326.5592354,529.5025715,24551,52698.64694,14460.40185,37.44595,-122.52606,37.98579,-122.12556,54957.05466,60094.71391,44583.45606
89,new_atnokvo.txt,3001,0,528.8020259,717.9436346,389.0346221,547.4208854,25014,6069.695236,9885.170782,37.45469,-122.4782,37.82676,-122.15448,42295.15246,41418.64294,36036.34556
90,new_atsfiv.txt,3001,0,498.6741418,2436.114064,393.853089,927.9600131,10744,125501.5939,35199.22299,37.33459,-122.50183,37.88133,-122.01233,63438.03115,60862.8184,54490.89074
91,new_atzumbon.txt,3001,0,1079.061619,34463.14379,236.8887378,1124.893241,35512,1397538.283,43704.03209,37.61416,-122.49872,50.30546,-122.00204,754796.8907,1412789.054,55290.16469
93,new_auctjir.txt,3001,0,345.0355641,530.559536,323.0174089,434.5569698,54696,5142.960475,6812.752837,37.48201,-122.49998,37.80856,-122.00207,58723.33655,36351.37972,55427.08766
92,new_aucjun.txt,3001,0,199.924581,1806.78906,172.720262,482.5770989,127492,73136.90545,18100.5492,37.61377,-122.4996,37.80841,-122.3847,17282.97252,21667.22569,12790.60949
94,new_aupclik.txt,3001,1,357.8458268,1271.285449,326.673987,1928.769058,34840,56639.35692,89676.95779,37.4897,-122.47935,37.8977,-122.1985,39594.20566,45418.35224,31264.07899
97,new_avglybic.txt,3001,0,370.4236788,595.0232215,283.0538338,435.363199,46883,7066.561276,7079.919614,37.38817,-122.51713,37.89256,-122.07793,57362.00255,56148.43796,48891.52036
100,new_awnbeb.txt,3001,0,267.6012416,661.9877206,236.0553993,527.6079295,16313,23443.88476,23310.30137,37.55949,-122.50665,37.80811,-122.31556,25933.597,27676.2518,21272.0415
99,new_avpavi.txt,3001,0,153.1449338,360.5781452,169.7129816,348.4273308,102748,6545.586059,11354.58806,37.61379,-122.49455,37.80851,-122.38508,16843.31759,21676.13125,12186.14466
98,new_aviltly.txt,3001,0,250.1085962,412.4918301,257.7383333,352.6625975,46839,3606.751502,4608.626919,37.61393,-122.51374,37.82499,-122.18871,38304.19608,23495.09173,36182.17409
95,new_aurjyen.txt,3001,0,453.2669997,3979.434318,333.5442085,662.181421,20635,213399.4639,15028.13126,37.50365,-122.51676,37.90248,-122.24459,38513.39547,44397.55251,30297.82581
96,new_avdyab.txt,3001,0,208.0542344,484.986844,254.4602393,1169.767241,40049,17365.84056,60446.4835,37.55232,-122.5026,37.85703,-122.29837,29107.01271,33920.16204,22734.7796
101,new_awrenba.txt,3001,0,350.8512214,1269.248894,281.2521648,772.9632123,16405,58876.87868,29288.15803,37.59108,-122.48884,37.82749,-122.2496,30129.33785,26317.04082,26632.07498
102,new_awribig.txt,3001,0,209.9794417,324.9426853,233.0158086,340.4464635,119040,2687.859705,6812.752837,37.51204,-122.51018,37.83066,-122.22057,37414.76902,35468.61616,32239.23773
104,new_ayfsdu.txt,3001,0,222.4373295,402.1192152,231.6944674,541.864083,22786,8248.774268,26065.45877,37.60166,-122.50742,37.82942,-122.21429,35340.49169,25354.12722,32631.08234
106,new_aypudby.txt,3001,0,325.7627501,1167.562129,324.5388166,976.1452407,27676,40909.91287,28586.84524,37.33085,-122.49998,37.86094,-122,63946.92871,59009.34887,55657.51901
105,new_aygpha.txt,3001,0,275.5954255,605.6057487,296.4939926,728.8219105,19362,16831.50701,19236.00801,37.58805,-122.50617,37.82709,-122.2046,36466.16581,26609.81108,33570.61884
103,new_aydwaho.txt,3001,0,267.6542617,698.7340623,247.7797155,820.3482657,79392,30657.38776,39340.30805,37.61347,-122.48514,37.89254,-122.18167,37647.04052,31065.9303,33782.12587
107,new_ayquasto.txt,3001,0,208.0216537,510.1741998,195.8697533,368.4130148,11849,14360.21431,11421.37976,37.60826,-122.48621,37.83951,-122.29207,25636.06057,25742.63225,21611.56594
108,new_ayquexar.txt,3001,0,241.436662,447.4409909,271.1796488,1117.490201,4843,7881.419948,44015.72666,37.61379,-122.50689,37.80598,-122.38449,17815.77059,21394.49294,13625.50567
109,new_ayshekki.txt,3001,0,321.9909512,550.7993778,313.5340843,564.9114295,43859,10085.54587,11648.47152,37.45299,-122.51,37.89413,-122.00002,62527.89073,49107.48017,56770.71391
110,new_ayshowg.txt,3001,0,196.1799866,679.3352553,160.4371287,295.7699135,8127,27918.92829,3072.417946,37.61429,-122.5098,37.8085,-122.38399,18184.69459,21619.35831,14005.10514
112,new_eacderph.txt,3001,0,424.7060481,1310.437149,344.9224738,1433.301874,23299,48056.62418,43817.57797,37.50953,-122.50058,37.94311,-122.0164,59738.44958,48265.90482,53898.67105
113,new_eadectio.txt,3001,0,436.443297,593.4764922,312.6822669,409.8730028,30481,2499.917708,4090.991287,37.51213,-122.51663,37.94837,-122.24169,40162.57613,48562.01466,30606.1808
111,new_aysmsla.txt,3001,1,561.3641608,10493.3481,2216.016876,70876.55579,15521,460595.5251,3053315.521,37.14853,-127.08143,37.83723,-122.18733,546540.6017,76665.73331,544808.7199
115,new_eapceou.txt,3001,0,311.3674311,450.360391,292.3300383,386.7404107,83393,2284.275951,2723.431342,37.58901,-122.50243,37.84254,-122.19,37916.05414,28222.8305,34779.54851
114,new_eagbaci.txt,3001,0,328.4787472,748.0805508,355.9609995,673.4517343,144223,26850.26118,16848.20493,37.5545,-122.54832,37.98728,-122.06211,59936.26406,48176.84923,54124.64962
116,new_easnsvu.txt,3001,0,321.503405,551.1615612,267.0683132,436.9067606,22381,7963.054241,13558.71398,37.57551,-122.51351,37.80841,-122.35553,22419.40214,25926.30941,17586.25316
117,new_eavcaifo.txt,3001,0,268.6536756,1248.891995,267.6807267,775.6305535,21762,55103.14794,21440.13393,37.61498,-122.54012,37.99875,-122.38567,28660.45167,42721.08098,17193.29535
118,new_eavflid.txt,3001,0,398.8498233,3007.337042,408.819748,3861.67666,23407,146325.76,202089.4036,37.36934,-122.51289,37.85004,-122.00226,63614.31062,53511.27922,56843.07158
119,new_ebcicy.txt,3001,0,271.5067459,489.9494247,225.2740364,326.0706719,15441,3827.454492,4408.251835,37.6138,-122.49439,37.82373,-122.36706,18920.18465,23369.3007,14174.31076
120,new_ebdafya.txt,3001,0,310.6618499,524.2609035,290.4658348,563.6565155,18242,8804.887724,17017.36216,37.55346,-122.49582,37.98598,-122.27897,35324.73131,48147.90616,24139.63158
121,new_ebenfrag.txt,3001,0,349.8180663,529.9892842,292.3325387,395.6394573,33133,3206.001335,4675.418613,37.40066,-122.5131,37.82513,-122.00205,62228.91985,47251.78426,56889.82577
122,new_ebrulra.txt,3001,0,266.4161428,904.076617,252.2245531,933.0729271,19957,43147.43463,47822.85324,37.61394,-122.51022,37.80892,-122.37623,18922.4677,21705.07431,14915.69857
123,new_ebstic.txt,3001,0,998.4915792,28534.91895,691.9281735,16511.28013,66552,1264942.855,731736.4088,36.27129,-123.28284,37.80841,-122.38247,136568.9319,171111.4157,100228.7299
128,new_ecgojtyt.txt,3001,0,351.1986777,1147.118856,288.914753,491.8910818,14429,45885.8941,12156.08839,37.59135,-122.54308,37.90435,-122.19619,42885.15196,34843.00062,38615.61816
127,new_ecforj.txt,3001,0,348.6245196,772.25824,340.3250603,1198.51637,17579,22174.84257,58175.56589,37.61356,-122.51074,37.87396,-122.26823,31143.20609,28987.5954,26996.08971
126,new_ecfesy.txt,3001,0,306.5075114,570.4041234,289.5344886,559.3073086,24097,12707.11987,16096.79837,37.58768,-122.52165,37.96906,-122.34736,29914.98877,42455.0274,19401.87405
125,new_ecdiwovu.txt,3001,0,348.9766743,1094.666359,325.3392435,647.6106432,17854,50360.93763,24512.55187,37.41024,-122.51209,37.87237,-122.14151,49583.71036,51444.07628,41252.7769
124,new_eccest.txt,3001,0,217.6133267,374.3108503,209.3424129,281.7998605,23380,3713.618213,3339.584724,37.61425,-122.48713,37.8086,-122.38303,16399.29886,21634.94304,11588.35899
129,new_ecjeody.txt,3001,0,338.389306,613.6629003,296.7906657,488.840529,14914,13692.29737,10352.71264,37.4581,-122.51844,37.88052,-122.14074,48991.81357,47023.5793,42045.37167
132,new_eddreba.txt,3001,0,264.3144606,1021.931312,267.7811741,776.8375335,28578,36344.22347,35103.80628,37.55455,-122.50922,37.85874,-122.19041,39847.50423,33862.2759,35489.76686
131,new_ecnoplsi.txt,3001,0,230.0303377,401.5831838,265.5646778,550.926719,51466,4074.293363,22575.59273,37.55402,-122.53342,37.96878,-122.09646,54545.56795,46170.872,48642.1647
130,new_eckecky.txt,3001,0,232.1828869,1206.346875,231.2221178,355.6455559,13912,62049.48417,7054.872729,37.61388,-122.51379,37.86057,-122.38242,20759.40403,27461.40518,14624.04151
133,new_edeejdru.txt,3001,0,311.4532302,1677.012576,283.8390902,2249.726805,18261,68728.65362,99078.79959,37.60269,-122.50455,37.86622,-122.19031,38341.1148,29336.02541,34981.03679
134,new_edglevi.txt,3001,0,297.1248004,1450.425263,309.9121868,1006.437575,6438,74940.2812,39473.89144,37.58342,-122.50566,37.95614,-122.22008,38779.96769,41491.00061,31790.62018
135,new_edgrat.txt,3001,0,232.2631664,618.8160769,322.9748895,1158.452882,19250,22174.84257,49759.81238,37.61536,-122.49661,37.87189,-122.18949,37446.59059,28556.78897,34188.44201
138,new_edmugrip.txt,3001,0,283.397729,1286.022282,277.7666047,937.9445443,8177,60713.65028,43347.80971,37.48998,-122.5098,37.85465,-122.09778,50737.54431,40594.87871,45865.8566
137,new_edlyxy.txt,3001,0,219.4121382,388.2925321,205.2933943,271.1207907,16594,2612.540705,2805.251168,37.55384,-122.50942,37.8089,-122.27459,30244.26011,28393.14932,26141.15602
140,new_edodblea.txt,3001,0,340.2974414,798.9861968,370.5722502,2183.645665,13179,17031.88209,78257.60203,37.58681,-122.51032,37.80855,-122.33063,23984.40599,24683.98389,20002.9993
139,new_ednillo.txt,3001,0,320.2421628,1815.226271,301.6860793,1366.741785,6233,63635.78691,53699.32965,37.1977,-122.51056,37.84951,-122.02201,66769.27727,72559.15729,54385.13723
136,new_edjiye.txt,3001,0,366.1978433,620.767641,361.4531134,746.2893388,11059,13425.13059,24913.30204,37.38206,-122.52315,37.88087,-122.0025,65097.62475,55527.2752,57958.49288
141,new_edomboys.txt,3001,0,285.5892647,457.0486399,325.7642493,665.2716464,14188,5109.564627,22308.42595,37.33069,-122.54976,37.95089,-122.00288,71171.01641,69040.34819,60878.40313
142,new_edrafs.txt,3001,0,290.2755132,1074.538382,323.5119052,1893.488303,13695,42279.1426,92038.95499,37.61408,-122.52448,37.83908,-122.19013,39560.00894,25046.88543,37219.67175
143,new_eedigkr.txt,3001,0,260.5257739,473.4712154,242.2548686,415.52413,17151,8415.753504,11154.21298,37.61395,-122.51121,37.8751,-122.25232,32756.09291,29071.08502,28819.50297
146,new_eemafbij.txt,3001,0,347.8497631,885.3241928,290.5933631,854.3299473,53089,37837.49492,30123.05421,37.43967,-122.49519,37.82529,-122.14753,44995.08588,42927.02204,38701.33417
145,new_eegcef.txt,3001,0,411.9023345,1850.672864,399.7122437,2513.831039,19887,75608.19815,120225.0501,37.53133,-122.51065,37.82808,-122.11874,47065.52336,33034.05889,43627.22164
148,new_eersdo.txt,3001,0,308.1727683,514.9365826,293.2152174,571.802004,14993,7480.669781,17966.96581,37.60219,-122.50828,37.87186,-122.19057,38844.01383,30019.52708,35367.31542
147,new_eenjoug.txt,3001,0,253.7350308,530.0608952,254.8096503,692.5233272,8544,15028.13126,29855.88743,37.56226,-122.47914,37.88928,-122.29409,28364.58926,36403.69988,20599.67177
144,new_eefayb.txt,3001,0,317.7617728,569.8825319,299.5568629,668.6283717,36100,9016.878754,28586.84524,37.39933,-122.52147,37.97323,-122.02922,64548.0176,63886.25577,54797.01934
149,new_eesbaj.txt,3001,0,244.9699684,419.0962193,260.8917026,325.9685919,17782,6879.544531,3855.702363,37.61382,-122.55331,37.91993,-122.38499,26186.59297,34076.00933,18737.29669
150,new_efcati.txt,3001,1,263.3802659,1286.531868,280.8196284,673.1235398,14082,47355.31138,21740.69655,37.61476,-122.51669,37.94445,-122.19051,41281.46454,36700.92292,36310.19151
151,new_effneomi.txt,3001,0,398.2476696,1491.847384,317.6884857,2239.253564,11257,59644.98317,94510.24768,37.59887,-122.50911,37.83769,-122.23415,33756.15734,26585.32079,30608.40719
152,new_efghakdi.txt,3001,0,366.0311617,1748.529244,358.4513755,1541.042285,13040,53132.79296,53099.39711,37.6139,-122.51705,37.88027,-122.18721,39999.44,29652.17276,36717.62084
153,new_efgoaku.txt,3001,0,247.6308395,491.4115327,279.4497058,1285.991651,21138,11866.65772,67125.65295,37.61379,-122.51665,37.93092,-122.05768,54461.08101,35302.75012,51092.30669
154,new_efmymo.txt,3001,5,675.1475317,3706.953939,1033.185168,6773.618536,37736,103861.0849,164641.5269,37.44641,-122.49994,37.87478,-122.1826,43573.90243,47685.93027,35326.12721
155,new_efonve.txt,3001,0,323.6424657,507.7808316,332.4195236,753.9528943,7769,4742.210308,33529.43063,37.52829,-122.51032,37.8982,-122.02768,58051.04089,41178.19284,53727.23904
156,new_efspheco.txt,3001,0,443.4321274,655.7474624,317.0630029,479.7933557,49585,6442.362531,6946.336226,37.32932,-122.79872,37.9992,-122.01459,96001.47064,74570.70049,87288.95232
157,new_eggfrij.txt,3001,0,360.5040463,1271.993371,305.9389825,730.9441288,40835,45752.31072,29455.13726,37.52152,-122.51089,37.80855,-122.26052,32705.98546,31952.03344,27871.06091
158,new_eghanwib.txt,3001,0,326.2234392,859.1465517,330.7147832,538.8569396,195494,34130.55588,11755.33823,37.43584,-122.51079,37.87533,-122.14146,48731.1688,48923.80301,41113.62753
159,new_eglohabs.txt,3001,0,404.8424256,982.7598468,353.1003038,1381.479797,16065,29789.09574,68394.69514,37.38537,-122.5071,37.83365,-122.02095,60318.72026,49902.30133,54117.97045
160,new_egnatab.txt,3001,0,218.9946536,398.6924025,226.3979672,326.9674706,17594,6133.703943,4675.418613,37.6144,-122.51658,37.90282,-122.38433,22661.06032,32106.76753,14722.00266
161,new_egoiwroi.txt,185,0,13.32943257,21.48704798,5.587904212,9.345767292,1378,214.2900198,61.22571994,37.75062,-122.39547,37.75209,-122.39461,129.8124409,163.6396515,95.73476208
162,new_egreosko.txt,3001,0,510.1285969,2818.521988,387.8844361,2163.57114,32099,138358.9951,92907.24702,37.55393,-122.54272,37.90238,-122.09574,53906.10827,38789.27657,49757.58599
163,new_egteir.txt,3001,0,375.5245084,586.4400546,326.8899275,494.5759509,40309,4019.645613,6545.586059,37.36395,-122.50481,37.80906,-122.00359,61744.26886,49549.41855,55795.55518
164,new_egwicjuv.txt,3001,0,344.6702222,905.9361257,299.8014693,775.510406,26048,35666.76485,30056.26251,37.5483,-122.51703,37.94392,-122.28886,34671.21078,44040.21695,25399.76821
165,new_eiboidne.txt,3001,0,262.4685693,456.0204245,257.427047,335.6270571,21873,2458.656429,2828.628261,37.57819,-122.53421,37.84186,-122.26952,33400.10811,29351.61014,29465.15602
166,new_eicmynts.txt,3001,0,281.9867397,1081.615175,292.1175503,950.3383112,101412,36958.07094,36089.77892,37.48259,-122.50741,37.85378,-122.10666,49778.06559,41320.68179,44611.28594
167,new_eifvid.txt,3001,0,163.9961413,351.3935962,161.7949254,282.9358984,9221,3694.63531,5877.669114,37.58702,-122.49505,37.80821,-122.37866,18501.13246,24622.75817,12956.47553
169,new_eitpem.txt,3001,0,279.3689791,524.4235221,252.139329,398.5730407,9251,10419.50434,8616.128587,37.54911,-122.50501,37.82735,-122.24708,33158.56543,30973.53512,28712.63626
172,new_ejkipub.txt,3001,0,362.9520073,860.9843885,268.369983,415.4141594,33806,34865.26452,9885.170782,37.54209,-122.49651,37.80857,-122.28953,27989.90026,29664.41791,23040.9082
171,new_ejesbay.txt,3001,0,228.3086937,728.7464259,277.8392802,1403.280835,15919,25848.38576,67927.15328,37.61499,-122.51379,37.84621,-122.29392,28094.79649,25739.29266,24475.81644
170,new_ejcrur.txt,3001,0,223.8182789,631.0175439,263.4723655,878.3803296,92382,23176.71798,39033.06625,37.61391,-122.5121,37.82512,-122.18823,38185.06497,23511.78965,36053.04348
168,new_eincufpy.txt,3001,0,304.7020322,1394.975112,279.5290492,427.7111649,479249,68728.65362,7981.60749,37.5445,-122.50075,37.8239,-122.34994,23663.66812,31102.66573,16788.09241
175,new_ejtobu.txt,3001,0,295.6744941,573.0244858,283.871102,518.6403156,12391,14627.38109,13692.29737,37.55398,-122.51024,37.84611,-122.24916,33881.56347,32519.76285,29063.29266
174,new_ejshigib.txt,3001,0,315.9958094,1120.879951,291.5622439,563.9945409,3428,43013.85124,20638.63359,37.58906,-122.51342,37.82497,-122.18887,38765.4217,26261.38107,36128.74074
173,new_ejnoax.txt,3001,0,326.2646098,542.7417581,325.3673673,641.4314398,64334,7079.919614,21150.70325,37.31694,-122.49561,37.82999,-122.00366,62671.9362,57112.46475,54763.6235
177,new_ekfrab.txt,3001,0,373.8775093,1125.809526,302.618839,1851.704109,11784,45073.26182,86011.00456,37.41795,-122.52846,37.95062,-122.14052,53579.83422,59296.55316,43185.28326
176,new_ekenucki.txt,3001,0,325.6306061,747.8390451,302.1499664,703.2010732,17140,31013.61014,22486.53714,37.52887,-122.50506,37.80854,-122.27314,30734.97841,31132.72199,25817.2163
178,new_ektamy.txt,3001,0,232.2368412,356.167134,262.7428313,718.4946197,14761,3406.376418,34531.30604,37.61367,-122.50354,37.86713,-122.26548,30506.64697,28215.03814,26500.71798
179,new_ektuyo.txt,3001,0,307.7536369,736.794344,321.6660621,742.1258603,13674,14694.17278,19636.75818,37.41471,-122.507,37.87237,-122.07145,55600.83495,50946.47816,48485.20422
183,new_elfyea.txt,3001,0,238.0113017,529.9798805,256.8379309,591.7089613,17518,14961.33956,14961.33956,37.58992,-122.50695,37.80855,-122.38417,18902.32686,24337.78027,13667.80708
180,new_ekyosjo.txt,3001,0,268.403096,492.0095875,268.8153978,484.3606558,4709,12824.00534,16697.92362,37.41514,-122.49857,37.80895,-122.12095,48125.74957,43838.72867,42036.46611
182,new_elbnaxa.txt,3001,0,293.9170083,479.4134211,292.3972934,438.030871,5611,8749.711976,12089.2967,37.56898,-122.51375,37.83962,-122.29309,29394.29718,30127.50699,24563.75884
184,new_elhuyoi.txt,3001,0,431.4346757,7113.171933,510.921064,13012.03683,60532,385555.0564,710697.0251,37.61425,-122.49452,37.88465,-122.21392,35145.15938,30100.79031,31236.24912
181,new_elaflevy.txt,3001,0,316.5149796,2022.051807,374.1351347,3855.098476,15278,95679.10234,186415.6193,37.40139,-122.48648,37.83272,-122.1005,50041.9956,48015.43596,42967.09706
185,new_ellimtbu.txt,3001,0,792.3243404,3747.22045,1071.454871,5473.886027,22543,92873.85117,114213.7976,37.51127,-122.50397,37.8663,-122.18766,41072.59971,39521.75882,35211.46813
186,new_elswcky.txt,3001,0,279.0555777,749.3140914,301.7798012,957.620846,6784,24045.01001,47889.64494,37.33928,-122.5007,37.87044,-122.0045,63613.66107,59128.46073,55236.73133
187,new_elvgid.txt,3001,0,177.1729462,329.4305656,189.2067917,294.7399597,35434,5610.502336,3856.494359,37.45589,-122.513,37.80858,-122.1409,46438.72117,39261.27121,41421.98252
188,new_elwesnn.txt,3001,0,188.3768784,360.8226813,228.8037188,474.777894,21820,11741.97989,13416.78163,37.61395,-122.50952,37.809,-122.38445,18153.49951,21712.86668,13922.72871
189,new_enarwee.txt,3001,0,237.6968646,566.0617729,246.08852,414.4409031,116808,16764.71531,12423.25517,37.61414,-122.51376,37.90244,-122.3844,22447.39138,32093.4092,14400.28933
190,new_enekbl.txt,3001,0,258.6733208,508.9515643,286.6373682,465.9717134,47310,15762.8399,9951.962477,37.4204,-122.50267,37.82552,-122.00698,60200.20908,45097.75211,55179.95839
191,new_enidmopt.txt,3001,0,284.5424131,552.7018863,265.2402713,530.8148957,35625,5944.460808,13291.5472,37.33064,-122.51351,37.81045,-122.00439,63440.86689,53412.20488,56674.97915
192,new_enjubpl.txt,3001,0,239.2582224,414.0529953,275.768159,454.35332,12895,6120.548003,12824.00534,37.55099,-122.50603,37.87198,-122.20118,38952.23276,35732.44335,33935.74677
193,new_enkkand.txt,3001,0,357.5286776,1740.37241,296.2724705,799.3403729,2044,91704.99652,37603.72399,37.61378,-122.50974,37.85874,-122.23279,34112.10457,27268.82246,30829.93298
194,new_enyenewl.txt,2414,0,337.7139892,947.3955646,339.4473561,1412.97561,44295,21774.0924,45217.97716,37.56649,-122.50396,37.98587,-122.29359,34265.49623,46685.16805,23418.28128
195,new_enyonsn.txt,3001,0,364.5252337,1436.113191,384.3612429,2726.421539,18451,48691.14527,121293.7172,37.60372,-122.5097,37.85229,-122.22784,34697.76435,27670.68583,31376.51167
196,new_eoccoirv.txt,3001,0,236.2289339,395.1993537,245.2214005,335.9791403,8899,3266.721057,4623.469518,37.59861,-122.51032,37.87375,-122.25312,32997.26123,30628.4447,28631.37303
198,new_eoivqued.txt,3001,0,408.7564619,1226.702714,339.2761493,594.0118965,42476,59511.39978,20505.0502,37.38108,-122.49243,37.955,-122.00363,64209.26327,63888.48216,54412.9671
197,new_eoffrij.txt,3001,0,254.8630645,482.7107315,253.0094748,351.6662893,14769,11054.02544,6478.794364,37.3815,-122.50975,37.80901,-122.00161,62006.13475,47590.19551,56565.88605
200,new_eolgug.txt,3001,0,294.4637073,1115.989681,339.055715,1990.042589,11085,52014.03207,82120.38836,37.61395,-122.50599,37.89896,-122.00088,58722.39635,31727.16807,56228.58799
199,new_eokracy.txt,3001,0,281.518429,522.6464273,251.6111191,406.4782321,23903,10619.87942,10553.08773,37.61272,-122.52174,37.96934,-122.38424,26231.40768,39698.75681,15306.42998
201,new_eosluip.txt,3001,0,388.3993707,2133.3566,314.3559824,2073.874961,26254,74472.73934,93040.83041,37.56685,-122.48638,37.8746,-122.26758,30492.38362,34258.57329,24356.70459
202,new_eotcue.txt,59,0,132.0781995,233.5950487,146.7324778,214.2370092,801481,1153.269925,733.0795735,37.74826,-122.42433,37.77701,-122.39276,3910.612748,3200.43536,3514.356324
204,new_eoydba.txt,3001,0,1231.516377,5177.85331,2098.183358,9839.779555,24032,103660.7098,191091.0379,37.61382,-122.51742,37.90885,-122.17382,42092.3756,32842.58937,38249.37704
203,new_eovsyt.txt,3001,0,331.7121756,595.5502867,292.4507744,436.1241166,21539,12824.00534,8081.795032,37.55368,-122.51129,37.83073,-122.1891,39480.48526,30841.06492,35866.02674
205,new_epabcadu.txt,3001,0,472.986865,819.01663,345.0762099,467.0827198,25255,22852.30118,6841.377848,37.55455,-122.50786,37.82476,-122.1915,38720.63956,30079.63961,35217.03411
206,new_epemvagu.txt,3001,0,219.6723527,655.5135762,249.1253462,440.0944339,14210,21774.0924,12490.04687,37.61436,-122.50873,37.89187,-122.22232,35916.5807,30892.27189,31883.01536
207,new_epkiapme.txt,3001,0,282.7202444,711.8045318,262.2917779,373.262053,21387,29455.13726,6278.419281,37.61377,-122.50803,37.87257,-122.22839,34740.68613,28809.48422,31129.38241
208,new_equioc.txt,3001,0,361.9078234,945.618289,309.9949824,680.5578189,21411,27117.42796,16764.71531,37.55323,-122.51027,37.93844,-122.19567,41869.35247,42881.38105,35021.1118
211,new_erjcrey.txt,3001,0,228.382916,403.5201417,279.9403688,447.0619601,102838,4742.210308,9050.274602,37.61475,-122.51227,37.82749,-122.18828,38227.80363,23682.10847,36066.40182
209,new_equoaw.txt,3001,0,257.0112905,1214.087524,304.9887392,1037.107328,27787,32794.72199,34664.88943,37.61518,-122.52135,37.97129,-122.31275,31477.52149,39641.98387,23221.24578
210,new_erjboyni.txt,3001,0,326.1690937,502.1462019,333.8595946,724.4979945,33923,7647.649018,29889.28328,37.40155,-122.49806,37.80864,-122.05694,54744.41174,45317.05151,49105.25378
215,new_eryeig.txt,3001,0,302.6564168,682.4439568,264.0883371,784.3084078,20475,22775.96782,32661.1386,37.61421,-122.51145,37.80853,-122.3842,18312.78703,21631.60345,14165.4052
216,new_eshria.txt,3001,0,247.2058747,1177.595596,321.8246676,1658.082345,45163,37336.55721,56804.10976,37.40184,-122.5092,37.89681,-122.00789,63080.11461,55099.80836,55805.57393
213,new_erulghiv.txt,3001,0,312.3217786,748.4183689,365.9491303,1004.71951,14453,21774.0924,25447.6356,37.35217,-122.50803,37.8837,-122.00117,64658.30693,59169.64894,56423.3971
214,new_erwumu.txt,3001,0,246.0878803,702.0163821,249.1904821,307.6816109,20359,32260.38843,3873.91828,37.61382,-122.49982,37.85662,-122.25348,31007.44553,27028.37236,27422.44336
212,new_erjtail.txt,3001,0,253.8531889,431.4257874,282.9155774,466.3390383,35269,3534.616472,7146.711309,37.38152,-122.49191,37.90347,-122.00551,62393.40852,58103.20822,54145.80032
217,new_eshroa.txt,3001,0,329.6770806,1364.525477,332.9949764,1908.367744,8249,53399.95973,87697.49485,37.38606,-122.49634,37.87228,-122.02212,60177.6138,54125.76281,52789.92892
218,new_esnddceb.txt,3001,0,386.4062562,1661.140261,327.929908,575.3359986,10586,81819.82573,14093.04753,37.50978,-122.53858,37.99737,-122.20576,47087.16288,54278.27052,37049.35293
219,new_esudcejo.txt,3001,0,268.7834444,1356.91855,357.7152213,2546.266289,49271,46331.17207,86940.52231,37.60001,-122.5113,37.86042,-122.18749,39242.0078,28988.7086,36046.36431
220,new_etalrab.txt,3001,0,369.7229011,952.445767,305.1124937,1576.655598,5859,38989.65165,82704.81568,37.52439,-122.50978,37.99669,-122.18725,45612.14097,52576.1955,35903.87537
222,new_etnads.txt,3001,0,276.4075311,490.2121932,331.4685898,1423.891487,10920,10953.83789,50694.89611,37.61348,-122.4867,37.82749,-122.1894,35463.94727,23823.48422,33095.28461
221,new_etirnfew.txt,3001,0,326.788859,1422.987059,358.9700165,1873.931938,50970,65689.63152,71266.73801,37.31447,-122.50796,37.87521,-122.00063,65568.17343,62421.29127,56475.71726
223,new_eufdod.txt,3001,0,357.2318963,624.3030947,291.2373239,571.154417,27224,17175.00715,19550.88314,37.61376,-122.50718,37.93762,-122.19439,39806.49652,36051.93029,34819.62353
224,new_evbacclu.txt,3001,0,277.6070302,1225.814713,318.734188,3152.232177,34569,53166.1888,171721.4465,37.60883,-122.51174,37.81262,-122.36711,20181.53215,22685.79903,16100.13795
225,new_evdyffu.txt,3001,0,317.3480022,1064.539481,351.362143,1775.822194,9506,27918.92829,55670.87735,37.61385,-122.5087,37.8644,-122.26662,30812.31942,27891.09842,26948.22233
226,new_evfler.txt,3001,0,378.0314884,879.1346292,390.6446373,1300.016676,27203,22141.44672,43197.5284,37.34728,-122.50758,37.84589,-122.0017,63629.52087,55505.0113,56314.304
227,new_evijcey.txt,3001,0,444.5962103,2673.298152,378.0175947,3091.730841,54107,127304.9697,144002.8933,37.49482,-122.50777,37.92177,-122.23285,39800.54347,47527.85659,30603.95441
228,new_evjoko.txt,3001,0,253.2111138,513.7737163,249.3213848,831.7910087,29008,17466.02811,40809.72532,37.61394,-122.51652,37.90282,-122.3842,22686.97953,32157.9745,14729.79502
229,new_evmaja.txt,3001,0,309.2680105,594.4638322,271.7748589,668.5250665,62485,11888.92162,28219.49092,37.55462,-122.4881,37.86489,-122.09526,47464.04627,34539.09841,43730.74876
230,new_evtitdea.txt,3001,0,338.3607765,2289.655572,398.598399,4704.889056,12829,121627.6756,253274.1055,37.36364,-122.5101,37.8511,-122.00788,62963.42849,54263.79898,55906.87467
233,new_ewufri.txt,3001,0,260.0629186,567.2685562,288.4491978,496.2241599,15787,20505.0502,13759.08906,37.4447,-122.50928,37.80861,-122.24866,36225.957,40510.27589,29012.08569
234,new_ewvnil.txt,3001,0,349.9271117,1334.542429,335.89744,1598.293799,22664,48102.28788,54850.97522,37.51849,-122.51686,37.99986,-122.00401,63854.06032,53585.86328,57090.20085
231,new_ewbglo.txt,3001,4,1737.01192,9229.564376,1992.908409,10759.12575,47909,242721.0177,253274.1055,37.37034,-122.55685,37.91271,-122.03211,66728.09477,60376.35222,58413.7896
232,new_ewedkl.txt,3001,0,132.9346334,317.8496586,151.4716731,357.84781,92261,3372.980571,7480.669781,37.61413,-122.50652,37.86552,-122.26723,30565.43279,27984.60679,26637.64095
238,new_eydadgio.txt,3001,0,317.4501478,795.4732412,330.6036888,1168.672706,158417,18281.84095,28925.57454,37.57915,-122.50828,37.82794,-122.27376,30027.74696,27695.17611,26106.64698
236,new_eybmij.txt,3001,0,264.9505768,904.0750793,229.8162477,431.5778598,56899,32126.80504,13157.96381,37.61375,-122.51085,37.87215,-122.26589,31320.83988,28764.95642,27268.82246
235,new_exskafvo.txt,3001,0,279.9819112,1064.462856,268.2025324,691.3339694,3040,50160.56255,26649.8861,37.59932,-122.50716,37.80851,-122.38211,18704.45322,23286.92428,13920.50232
239,new_eytups.txt,3001,0,372.9373231,756.5327512,327.5696861,925.2184999,16266,25069.14933,39310.62285,37.45089,-122.56226,37.97336,-122.15577,54923.31,58161.09435,45250.25981
237,new_eybyay.txt,3001,0,419.728893,2613.34311,343.3915248,1619.276913,9816,139928.5999,82153.78421,37.39989,-122.49968,37.80895,-122.10173,50542.29138,45536.3509,44299.59136
240,new_iacbyb.txt,3001,0,353.973046,1629.908507,236.8998002,636.9498875,18526,44371.94903,21821.80075,37.53297,-122.48516,37.80903,-122.29665,26671.48711,30730.85863,20984.83721
242,new_iafbagci.txt,3001,0,207.0673968,347.4169928,225.9381635,415.7071625,117931,4007.501669,15896.42329,37.61348,-122.51686,37.90254,-122.19468,39784.96029,32178.01201,35864.91354
241,new_iackaw.txt,3001,0,353.1204442,2325.73988,375.7732439,4289.206018,25362,124132.3642,233603.9514,37.61396,-122.54652,37.90671,-122.01914,61233.39248,32588.78093,58707.67305
243,new_iafstnue.txt,3001,0,284.7347793,899.3526685,272.4768227,406.551179,30914,37603.72399,5677.29403,37.5226,-122.4839,37.82751,-122.06569,49958.47105,33942.42594,46554.92424
244,new_iaggrijo.txt,3001,0,377.2912431,856.5450879,307.6933167,678.5882429,29873,25625.74678,24490.28797,37.59204,-122.51377,37.85532,-122.14934,43490.91593,29308.19554,40568.16203
247,new_iapberci.txt,3001,0,299.4570593,1352.688497,264.2223303,769.2797339,77191,48891.52036,32995.09707,37.61379,-122.51671,37.9036,-122.19619,39638.04153,32261.50163,35680.12319
249,new_iatojbo.txt,3001,0,278.7443694,1405.711436,267.1528958,867.8818239,29594,73604.44731,43748.55988,37.38526,-122.52265,37.951,-122.00286,66919.21016,62977.88872,57862.75812
246,new_iahorou.txt,3001,0,397.940637,1322.372551,327.0405438,1173.582503,15134,57407.4614,54335.04346,37.54953,-122.49078,37.8685,-122.22413,35245.32779,35507.57798,29683.34222
248,new_iatmeuns.txt,3001,0,454.8211707,1228.88332,368.9645563,1144.151964,31294,40208.60007,43748.55988,37.49437,-122.50626,37.956,-122.02128,60557.00393,51388.41653,53987.72664
245,new_iagods.txt,3001,0,295.5445127,2224.967756,415.3074087,3889.77748,21246,101823.9382,180170.5958,37.61424,-122.49661,37.84378,-122.21696,34001.74625,25552.27592,31130.4956
250,new_iawxben.txt,3001,0,336.0476522,561.9427104,258.2939372,400.8573174,27158,3255.476664,3419.734757,37.45016,-122.49103,37.86955,-122.15538,44935.80857,46686.28124,37364.38708
251,new_ibflsruc.txt,3001,0,253.3627279,564.9136685,282.3042115,803.8737413,10173,15362.08973,28720.42862,37.61435,-122.5131,37.825,-122.18891,38207.82801,23449.45074,36088.66572
253,new_iblool.txt,3001,0,303.5814783,1719.442931,265.8825983,473.0335076,31489,89834.82907,17633.00734,37.5441,-122.49732,37.82473,-122.18843,38231.78459,31239.5887,34385.47751
252,new_ibgryk.txt,3001,0,232.2970781,920.1270534,237.7165158,783.7888209,17883,28787.22032,35266.01468,37.56176,-122.50479,37.87034,-122.28219,30865.77452,34350.96847,24779.71865
256,new_icagpony.txt,3001,0,317.1221114,714.1615151,356.471203,684.1033664,13875,25247.26051,17165.46548,37.42281,-122.49981,37.89145,-122.0782,54583.3286,52168.76617,46933.41051
255,new_ibwicim.txt,3001,0,447.6493909,5070.797488,334.1104499,1573.477058,62532,262023.8174,81953.40912,37.39567,-122.49545,37.86651,-122.07791,54260.71406,52413.66905,46480.34019
257,new_icdaheos.txt,3001,0,251.3179032,451.412328,269.0814736,1088.957905,139355,7280.294698,49225.47883,37.61436,-122.49082,37.86848,-122.29392,26647.56369,28288.509,21918.80774
254,new_ibpijda.txt,3001,0,277.0295171,514.0976548,263.2535163,509.9453367,17087,7280.294698,11621.75484,37.55664,-122.49616,37.8821,-122.09519,48652.2733,36230.04147,44635.77622
258,new_icdapnu.txt,3001,0,316.4581039,523.7665546,267.0552321,556.7913006,20778,8126.322828,21529.18952,37.58888,-122.5081,37.82492,-122.1968,37397.68967,26275.85261,34653.75748
259,new_icdultha.txt,3001,0,282.7238635,1305.128635,306.9126274,2668.727813,37937,52064.12584,112477.2135,37.35924,-122.5062,37.87179,-122.02727,61401.92208,57056.80501,53314.24373
260,new_icedpa.txt,3001,0,262.7830523,510.7308478,256.8039191,399.4404286,12912,8081.795032,9016.878754,37.52596,-122.51135,37.9155,-122.26708,35762.47473,43363.39444,27192.01202
261,new_ichankru.txt,3001,0,245.2191109,403.9141496,239.6952573,339.3156147,68616,5195.439663,5610.502336,37.61407,-122.50981,37.82388,-122.18863,37874.75858,23355.94236,35753.59405
262,new_ichikiga.txt,3001,0,253.3689658,668.7556302,295.4248537,1489.275476,21693,17811.11853,47889.64494,37.61436,-122.50907,37.80841,-122.38457,18066.47617,21601.54719,13859.2766
263,new_ickguwa.txt,3001,0,241.6697218,366.8203978,245.4388569,304.9043697,48902,4535.156055,4875.793697,37.6001,-122.49715,37.87449,-122.26428,30652.65243,30544.95508,25922.96982
264,new_ickphiwa.txt,3001,0,283.9664361,826.7241628,321.8333402,1173.6456,19242,31013.61014,43548.1848,37.32998,-122.50161,37.85552,-122.01427,62594.28798,58502.84519,54250.44064
265,new_ickviya.txt,3001,0,338.2676503,880.7493415,357.7333573,952.4536204,21524,24813.1145,19894.38328,37.35537,-122.5126,37.80853,-122.10047,53213.17936,50445.54045,45878.10174
266,new_icodmup.txt,3001,0,430.3140928,2726.545696,421.5107141,4224.550191,56347,113679.464,176864.407,37.49124,-122.51658,37.87982,-122.24617,37984.00217,43256.52773,30101.90351
267,new_ictlypt.txt,3001,0,323.2825789,601.4663931,285.9046506,485.1189408,72410,12995.75541,12924.19288,37.5238,-122.51239,37.8557,-122.22596,37522.31547,36946.93899,31885.24175
268,new_ictmuog.txt,3001,0,179.1207282,1148.366468,157.6095651,423.056569,657715,60045.73333,11888.92162,37.61359,-122.47174,37.80852,-122.38305,15260.05782,21699.50834,9872.925638
269,new_icwiroic.txt,3001,0,291.4076673,743.4136029,291.0316254,697.839296,13058,23399.35696,23043.13459,37.58735,-122.49984,37.91482,-122.27014,32172.10396,36453.79365,25570.08704
270,new_idbaybim.txt,3001,0,314.401769,756.9805593,282.5146413,903.6076948,15587,26983.84457,38405.22432,37.58408,-122.51247,37.82701,-122.19702,37980.99246,27042.8439,35115.73337
271,new_idcadgi.txt,3001,0,356.376068,3149.995039,372.7943476,4187.85578,4887,147442.6656,210794.5878,37.61456,-122.49981,37.85785,-122.19681,36710.86929,27082.91892,33729.80571
273,new_idholv.txt,3001,0,293.4725735,539.3761554,283.898708,382.2238596,6784,12156.08839,8905.559263,37.59901,-122.50927,37.82561,-122.18732,38296.48834,25224.99661,35839.31006
272,new_ideutgoa.txt,3001,0,318.0023178,1093.090412,282.9660057,570.9120891,11404,43882.14327,19302.7997,37.59298,-122.5138,37.80874,-122.37946,19740.66421,24018.29333,14954.66039
274,new_idjoat.txt,3001,0,1.043278284,2.820149578,1.030120772,6.26262997,234,133.5833889,333.9584723,37.7516,-122.3952,37.75185,-122.39495,31.57228324,27.8298727,27.8298727
275,new_idjojwa.txt,3001,0,295.215905,1410.564551,270.2451833,758.2396547,839142,73136.90545,34765.07697,37.36411,-122.50446,37.84019,-122.00153,62723.70998,52996.98318,55985.9115
276,new_idjokva.txt,3001,0,385.2600673,3687.44896,430.8872965,6357.509823,9362,161068.1712,343309.3096,37.44333,-122.49587,37.86793,-122.14106,46888.94324,47266.25579,39497.26853
277,new_idlorra.txt,3001,0,406.7443315,2173.552957,348.3988282,887.357272,20309,110673.8377,39139.93296,37.61382,-122.50349,37.84898,-122.38436,19315.62676,26177.89145,13261.49094
278,new_idodly.txt,3001,0,315.2820856,506.5526034,282.0917575,372.3457222,17595,3417.508367,6256.155383,37.57846,-122.51373,37.82427,-122.27489,30361.22059,27363.44403,26587.54718
279,new_idshywr.txt,3001,0,286.2356051,490.2764555,266.3148553,395.1042253,76193,3445.33824,7369.350291,37.44811,-122.50392,37.83883,-122.14027,46685.63909,43494.75144,40481.33283
280,new_idsmuk.txt,3001,0,510.7795465,4624.304077,356.1652417,1382.789667,25089,180537.9502,61915.90078,37.53758,-122.5088,37.93555,-122.05737,55544.67284,44301.81775,50252.95773
281,new_idtwal.txt,3001,0,229.3908744,563.5364908,264.102187,462.801513,29848,22442.00934,16631.13192,37.6145,-122.51329,37.89635,-122.18749,39965.20988,31375.39848,36267.8901
282,new_idvowwed.txt,3001,0,289.3998809,612.1201416,329.4010383,542.0719233,13607,23844.63493,12356.46348,37.32924,-122.511,37.82836,-122.00142,64008.95838,55561.78424,56726.18612
283,new_ifanfadd.txt,3001,0,273.813451,1239.331923,206.2455241,442.2853859,14993,61548.54646,13926.0683,37.54832,-122.49918,37.8256,-122.26933,30462.89472,30866.66841,25586.78496
284,new_ifefrof.txt,3001,0,447.6650355,734.6227481,373.5682296,950.0743929,92357,11154.21298,38071.26585,37.38781,-122.50816,37.83142,-122.02226,60172.04264,49382.43931,54090.14058
285,new_ifelas.txt,3001,0,389.1936764,2006.884687,471.7797803,6068.735708,31558,93975.91413,315924.7149,37.38462,-122.50165,37.82553,-122.00448,61229.66866,49081.87669,55344.71124
286,new_ifeshce.txt,1003,0,22.21395376,85.31919383,23.7234086,107.4704445,629068,826.4834866,1635.581982,37.74821,-122.44091,37.80114,-122.39319,6180.303791,5892.140648,5312.166101
287,new_ifkalda.txt,3001,0,350.7591047,574.911091,312.4436874,1296.123622,48594,9551.21231,67993.94498,37.48867,-122.51017,37.82452,-122.1872,41143.37931,37386.65098,35952.85594
289,new_igglitby.txt,3001,0,405.9420211,784.6381355,368.2267159,954.954983,23247,17699.79904,26783.46948,37.42015,-122.51439,37.90207,-122.09587,54704.10204,53647.089,46589.43329
288,new_ifragcic.txt,3001,0,251.1866085,463.6967962,258.8503784,439.6325419,160193,9707.059597,15295.29804,37.61423,-122.51103,37.82514,-122.18987,37894.46873,23478.3938,35751.36766
290,new_igsoysla.txt,3001,0,366.8590845,3420.015797,343.5864165,1833.1314,11197,152218.2717,97716.24902,37.44273,-122.49999,37.82722,-122.00736,59405.93078,42801.23102,54839.32075
291,new_igvidth.txt,3001,0,293.1968026,520.0989848,281.3575519,858.7411613,15066,10791.62949,42412.72599,37.61397,-122.5099,37.80855,-122.38443,18169.74226,21660.54652,13967.25651
295,new_ijhipvo.txt,3001,0,254.8728217,810.83569,258.1708121,627.094037,6096,27807.6088,15729.44405,37.61391,-122.51379,37.80857,-122.3843,18519.33069,21669.45208,14414.76086
292,new_ijcoga.txt,3001,0,247.7684874,821.5679582,290.7375339,1065.230821,51528,34616.65099,54732.08297,37.52986,-122.49961,37.85501,-122.00135,58732.61608,36195.53243,55466.04948
296,new_ijpiawl.txt,3001,0,337.8363239,1104.750002,387.4780723,2819.299198,14149,54168.06422,120683.6864,37.3245,-122.51369,37.91016,-122.00019,66919.61134,65195.37298,57162.55852
294,new_ijhigof.txt,3001,0,329.4375299,522.8090249,301.2754152,1047.574987,90896,2750.603418,54101.27253,37.57092,-122.49805,37.82515,-122.18856,37632.34184,28300.75414,34452.26921
293,new_ijdeyd.txt,3001,0,214.005342,382.2888025,259.4268794,1868.200494,17589,8883.295365,99252.45799,37.60167,-122.51079,37.87251,-122.37097,22446.18045,30149.77089,15564.6912
297,new_ijprukfr.txt,3001,1,540.1706906,15167.11446,486.1985215,12177.27393,29325,830112.2258,666915.0693,37.56447,-122.5037,37.80833,-122.31409,25635.87778,27146.37102,21107.28865
298,new_ijthind.txt,3001,0,283.4883945,1090.175885,269.2376905,659.800525,42554,48924.9162,17543.95175,37.54774,-122.49642,37.84987,-122.09522,48140.83426,33632.95775,44661.37971
299,new_ijtowhur.txt,3001,0,296.2551986,842.2363145,297.244962,1186.326429,16640,22525.49896,35449.69184,37.61357,-122.49323,37.87218,-122.18819,37285.89745,28788.33351,33956.89747
300,new_ikdagcy.txt,3001,0,340.8730479,3843.843932,284.7764499,725.2789544,23882,202746.1886,20404.86266,37.61359,-122.48668,37.86858,-122.18731,36621.44644,28385.35696,33325.71596
303,new_ilcoby.txt,3001,0,399.9343928,1636.333279,279.923745,738.538011,3958,84090.74335,36201.09841,37.57984,-122.49717,37.8122,-122.3504,21430.9692,25866.19688,16338.36166
301,new_ikkimm.txt,3001,0,288.6568777,541.9114514,247.7191063,488.6633332,13791,11888.92162,18200.73674,37.61382,-122.49756,37.82556,-122.18746,36751.16595,23570.78898,34520.17409
306,new_ilyutje.txt,3001,0,231.6987551,410.8533245,258.209598,469.5955644,24494,9618.004005,14293.42262,37.58679,-122.51387,37.80888,-122.37815,20104.53552,24722.94571,15108.28129
304,new_ilkble.txt,3001,0,337.640633,587.3139978,361.0151569,539.7125714,43197,13191.35966,7029.825844,37.36384,-122.50828,37.8246,-122.00166,62688.59405,51291.56858,56396.68043
305,new_ilkedve.txt,3001,0,321.2444089,1434.429649,313.7792188,1444.763918,49124,48457.37434,46219.85258,37.45427,-122.50893,37.98612,-122.28454,40375.12037,59205.27118,24978.98054
302,new_ikujfurk.txt,3001,0,242.0473042,874.5693338,263.6530191,403.873791,62156,43080.64294,8816.503671,37.56802,-122.5028,37.92172,-122.26817,33569.90972,39373.70389,26118.89212
307,new_imhacy.txt,3001,0,216.0362186,430.5080072,264.8408908,596.3113058,65542,13358.3389,20571.8419,37.61458,-122.49923,37.82505,-122.18076,37602.1361,23429.41323,35451.91823
308,new_imneesu.txt,3001,0,382.7617411,1076.890534,363.648497,583.5469131,29512,50628.10441,11593.12983,37.38216,-122.47951,37.80853,-122.00541,58536.54871,47463.29129,52776.57059
309,new_imoikcha.txt,3001,0,308.47654,892.4691337,368.2034619,1407.594265,16213,36668.64027,49510.45673,37.53139,-122.51258,37.89899,-122.0005,61044.8133,40921.04482,57004.48485
310,new_imwrytsy.txt,3001,0,292.1882429,622.6401075,276.6923039,597.2804342,107776,20872.40452,18501.29937,37.60172,-122.50136,37.87208,-122.27591,29828.74762,30096.33753,25096.9792
311,new_imwyojy.txt,3001,0,262.7950617,412.0710559,254.772351,428.3677466,21576,4742.210308,15595.86066,37.61417,-122.51116,37.87271,-122.38465,20899.20109,28780.54115,14083.02878
312,new_inckkiv.txt,3001,0,441.8448304,5124.763753,433.1918312,5197.234936,12914,271975.7799,269905.2374,37.49327,-122.50238,37.89222,-122.22306,39139.82716,44410.91085,31093.76017
313,new_indtwrat.txt,3001,0,529.3752228,2816.664058,478.872989,2448.372382,28681,125100.8438,88852.03699,37.42266,-122.51229,37.84935,-122.119,50611.2457,47498.91353,43780.84253
314,new_indyep.txt,3001,0,215.638282,354.9305972,246.8667873,380.7832065,27372,5922.19691,10452.90019,37.6139,-122.52858,37.94843,-122.18993,42643.0075,37239.70926,37698.34556
315,new_inghoghe.txt,3001,0,368.0555551,3574.983338,343.1197875,1960.658049,21501,178267.0326,93975.91413,37.40006,-122.51352,37.82522,-122.00359,62131.89432,47328.59471,56765.14794
316,new_inghoth.txt,3001,0,361.0790121,557.2243645,299.3281066,390.04939,58136,5076.16878,3866.49698,37.36485,-122.51371,37.83849,-122.00039,63695.42658,52725.36362,57142.52101
317,new_inhiala.txt,3001,0,306.5770093,841.1244398,285.8534458,1037.007157,580463,27184.21965,46420.22766,37.5228,-122.50622,37.80863,-122.26054,32223.76281,31818.45005,27348.9725
318,new_inlica.txt,3001,0,341.9278851,653.9563168,307.8707603,708.467581,29407,18234.13259,23510.67646,37.41894,-122.55632,37.9796,-122.12012,58926.81011,62412.38571,48557.56188
319,new_inquay.txt,3001,0,353.7098955,638.4564669,332.8559744,1483.116262,29551,19369.5914,77611.94898,37.38115,-122.48614,37.80853,-122.00296,59475.66576,47575.72398,53787.35156
320,new_inshfola.txt,3001,0,260.7653554,638.23163,253.8352337,452.8206882,58454,23577.46815,11721.94238,37.6137,-122.50155,37.80892,-122.38145,17738.25464,21731.79099,13369.47084
321,new_insodfl.txt,3001,0,270.4416489,2124.238701,335.8016033,3496.931506,89104,97582.66563,161769.484,37.43834,-122.51675,37.90347,-122.12716,51451.62039,51778.03475,43368.96042
322,new_ioajdig.txt,3001,0,223.1590149,610.1758533,248.7485156,632.5301552,13319,25781.59407,22041.25918,37.58858,-122.50624,37.80858,-122.34313,22408.08909,24490.28797,18157.32214
323,new_ioangio.txt,3001,0,287.6497881,748.7800171,291.8918018,632.8294722,52905,32393.97182,20037.50834,37.61382,-122.50814,37.8683,-122.1901,38512.40764,28328.58402,35404.05085
324,new_iodjiesh.txt,3001,0,392.9523978,1555.755488,485.7676254,2825.046825,23606,39507.28728,73103.5096,37.52849,-122.51245,37.86115,-122.18771,41224.37157,37031.54181,36149.89144
325,new_iodlac.txt,3001,0,271.5317014,1535.011409,323.5449449,2341.935839,8772,55904.64828,88665.97442,37.59047,-122.47657,37.8732,-122.24453,30838.31292,31473.35963,25830.57464
326,new_iofplik.txt,3001,0,271.6989813,471.7856799,240.4207929,483.210228,13729,6405.930697,19636.75818,37.55566,-122.49364,37.80857,-122.27454,28674.89492,28153.81242,24390.10043
327,new_ioivkn.txt,3001,0,454.7162857,750.2413847,350.1602973,508.2639908,84696,20037.50834,8015.003337,37.32766,-122.49161,37.83822,-122.00575,62007.56828,56835.27922,54085.6878
328,new_iorjtwav.txt,3001,0,281.9369571,449.7772435,339.5057306,503.4430509,23214,6037.969181,9885.170782,37.38528,-122.50594,37.82437,-122.00109,61958.04383,48879.27521,56199.64493
329,new_iotklojy.txt,3001,0,157.3355653,344.2812013,169.8889296,291.4647882,65980,6412.00267,7213.503003,37.6142,-122.50983,37.8084,-122.38495,18104.80121,21618.24511,13901.57801
330,new_iovhar.txt,3001,0,266.8017586,427.5934185,284.4084402,483.2295381,24786,2918.1061,10887.0462,37.61396,-122.48607,37.9798,-122.02349,55892.84578,40725.12251,51494.17005
331,new_iovlito.txt,3001,0,254.1875652,459.0894072,244.6015705,387.8956308,21889,7814.628254,10419.50434,37.60043,-122.4998,37.80845,-122.38099,18144.50117,23156.68047,13225.8687
332,new_ioytgor.txt,3001,0,459.9408345,4222.191932,534.0897711,6859.782492,44129,208634.9896,327702.317,37.22097,-122.50168,37.88248,-122.0065,67697.14349,73638.95635,55123.18545
333,new_ipdioisi.txt,3001,0,217.3365914,458.8345352,260.7871031,540.9572841,151938,16163.59006,20571.8419,37.60223,-122.47946,37.87782,-122.23436,31843.60575,30678.53847,27284.40719
334,new_ipdraw.txt,3001,0,219.1852085,565.4067614,227.9982143,299.4853055,18270,24579.34357,5176.356322,37.61387,-122.49632,37.9215,-122.29387,29060.44817,34245.21495,22536.63091
335,new_iphespha.txt,3001,0,440.0138649,1625.556649,377.714787,2062.922949,45823,60058.25678,62572.68577,37.56663,-122.49788,37.92676,-122.05749,53494.52623,40089.48822,49023.99055
336,new_iphybcay.txt,3001,0,247.571191,512.6051652,239.6801295,455.2791834,28381,11554.96314,14326.81847,37.58468,-122.48691,37.8086,-122.36292,19213.16133,24926.66038,13802.50366
337,new_ipjiert.txt,3001,0,339.4361963,1019.912509,307.4429126,567.2774452,46738,46687.39444,12808.28965,37.22615,-122.50827,37.80854,-122.00021,66300.14568,64831.35824,56556.98049
338,new_ippfeip.txt,3001,0,306.0328771,1055.282311,334.0639481,1125.510072,17742,39373.70389,41678.01735,37.5559,-122.51664,37.95083,-122.19618,42733.73689,43963.4065,35673.44402
339,new_irjfen.txt,3001,0,269.0418256,448.1270409,312.4100518,1283.74617,10038,6812.752837,56639.35692,37.61383,-122.50723,37.82528,-122.2151,34875.04799,23538.50633,32519.76285
340,new_isekdyp.txt,3001,0,357.560291,1013.526328,330.079568,857.5110491,34878,44984.20623,33629.61817,37.39578,-122.50965,37.82249,-122.10171,52025.57369,47501.13992,45411.67307
341,new_isfikti.txt,3001,0,326.5988346,657.0400677,313.3883763,1027.773229,6069,19169.21631,48757.93697,37.61383,-122.49084,37.82525,-122.18906,35875.61707,23535.16674,33593.99593
342,new_ishvirv.txt,3001,0,415.3777652,1419.918198,329.6130119,722.9863805,16144,49292.27052,21690.60278,37.61361,-122.51688,37.90243,-122.38418,22711.80571,32151.29533,14772.09643
343,new_isnthli.txt,3001,0,253.8390858,624.1152196,246.6269852,854.6048928,174856,15228.50634,29121.17879,37.45257,-122.49931,37.84264,-122.15708,44615.7745,43422.39377,38096.86933
344,new_ispawwye.txt,3001,0,302.8907098,1425.273948,277.3151308,770.4000068,10632,67326.02803,30590.59607,37.614,-122.51794,37.88015,-122.19406,39386.69621,29627.68247,36054.15668
345,new_isvayd.txt,3001,0,524.2006336,986.6973105,389.7047851,688.3949434,41733,22358.51973,16831.50701,37.29427,-122.48892,37.80716,-122.02631,59837.67132,57094.65363,51497.50964
346,new_itacfl.txt,3001,0,270.9886214,729.1669007,363.9355902,1450.917967,27892,17388.10446,37692.77958,37.61384,-122.51204,37.87761,-122.22877,35234.79177,29362.74209,31533.47216
349,new_itcemra.txt,3001,0,284.4086205,435.0817813,289.3078477,433.3193934,26443,3175.641474,5788.613521,37.5121,-122.48432,37.83594,-122.09521,47403.42733,36049.7039,43315.52706
348,new_itbejsco.txt,3001,0,236.8671932,1343.259593,268.7007433,1083.992909,82242,68595.07023,52965.81372,37.61393,-122.51203,37.80911,-122.38423,18392.76153,21727.33821,14226.63092
347,new_itbadpi.txt,3001,0,224.5082011,547.4414435,284.1583373,1986.64871,15440,15445.57935,106599.5444,37.42412,-122.5168,37.90249,-122.13691,50982.82551,53251.90481,42289.16136
350,new_ithpett.txt,3001,0,393.3787236,627.5367892,315.8732133,567.7747848,33470,11822.12992,15667.42319,37.55688,-122.50578,37.8243,-122.0962,48289.50948,29769.05823,45594.23704
351,new_itmeps.txt,3001,0,275.3534262,588.2135987,273.4155335,1123.666534,52330,19837.13326,52097.52169,37.53552,-122.53328,37.92636,-122.28614,36064.54498,43508.10978,27511.49895
352,new_itpivoa.txt,3001,0,307.9219797,1210.163247,261.3113494,640.5236191,18467,38917.29398,25514.42729,37.6142,-122.50954,37.85419,-122.19647,37669.09293,26715.5646,34850.79298
353,new_itquirla.txt,3001,0,259.4260105,630.1577321,339.4829494,1851.401036,14532,18657.14666,68261.11175,37.61389,-122.5423,37.97405,-122.28258,36023.84076,40092.8278,28911.89815
354,new_ivheoo.txt,3001,0,273.8877887,544.8813115,280.7684756,435.3875561,20253,18133.94505,8816.503671,37.41506,-122.50527,37.82563,-122.07141,54116.95611,45704.44333,48297.07428
355,new_ivkockim.txt,3001,0,400.7391511,6613.625304,297.6919016,2123.477275,41016,352392.9801,104061.46,37.61433,-122.50985,37.82805,-122.25751,30845.27023,23791.20157,28090.36031
356,new_izowcu.txt,3001,0,319.1865901,1310.951951,406.6341438,3176.257864,54117,53500.14728,158363.1076,37.45321,-122.50969,37.83624,-122.18632,42617.95324,42638.70456,35997.38374
357,new_oadwowd.txt,3001,0,181.7545055,626.1783707,222.0888005,533.6958781,10683,26983.84457,20521.74813,37.61559,-122.50994,37.80852,-122.38463,18093.15923,21476.86936,13949.44539
358,new_oafhynu.txt,3001,0,321.3164393,784.7473046,333.2714454,1170.305998,33554,24545.94772,53733.91821,37.47245,-122.4844,37.82517,-122.18757,39152.40973,39264.61079,33042.96445
359,new_oahudflo.txt,3001,0,239.8218033,450.2398691,244.8302603,480.8175145,12413,10419.50434,12156.08839,37.6139,-122.50936,37.82641,-122.36711,20292.02567,23656.50499,15835.19757
360,new_oakpikoo.txt,3001,0,157.9498677,313.9628266,168.9940872,281.3599104,27019,3406.376418,5142.960475,37.44602,-122.5115,37.80858,-122.14114,46535.41597,40359.99458,41228.28661
361,new_oapwycti.txt,3001,0,289.6891543,1311.113421,279.1077218,1440.385704,12682,63752.67238,75274.23967,37.61432,-122.49941,37.82832,-122.18912,36817.61813,23822.37103,34541.3248
362,new_oasthul.txt,3001,0,441.329787,1472.231548,449.252661,2346.10093,63099,73738.0307,109471.5872,37.38164,-122.51087,37.85879,-122.00463,63083.02198,53116.09503,56354.37902
363,new_obacvau.txt,3001,0,322.7920313,658.3420866,278.89745,439.3278606,42067,21306.55054,10820.25451,37.42178,-122.49007,37.82873,-122.10034,49679.15895,45301.46678,43384.54515
364,new_obceoo.txt,3001,0,299.7303703,512.9291386,222.3939946,344.9883996,8507,5983.42263,5816.443394,37.54257,-122.49838,37.82994,-122.25571,31987.35525,31989.88207,27013.90083
365,new_obheujvo.txt,3001,0,282.8380708,494.2106757,310.4462264,628.6297647,25287,7413.878087,18100.5492,37.52245,-122.50973,37.82533,-122.18745,40156.53104,33716.44737,35876.04549
366,new_objoyhi.txt,1495,0,237.998573,667.6588394,286.2880481,456.3322746,8971,16681.2257,5254.279965,37.6136,-122.50832,37.87202,-122.25388,32242.89481,28767.18281,28324.13124
367,new_oblyaga.txt,3001,0,213.6274818,350.3168344,256.3718801,330.0249217,39505,3366.796155,4007.501669,37.52619,-122.52722,37.88179,-122.26408,36164.07665,39585.21093,29292.61081
368,new_obsimjio.txt,3001,0,287.225102,1254.500015,254.9777976,917.4488688,8583,45685.51902,38538.80771,37.61383,-122.49868,37.80855,-122.38442,17233.4072,21676.13125,12719.36502
369,new_occeyd.txt,3001,0,435.8385218,1181.53013,393.8622012,1849.589539,46678,33952.44469,59622.71927,37.59806,-122.50932,37.85133,-122.19648,37952.87089,28193.88743,34825.1895
370,new_occroksy.txt,3001,0,367.0847023,6414.407416,302.2691222,1846.254943,18518,348697.173,87986.92552,37.61432,-122.50981,37.86776,-122.29574,28221.23676,28212.81175,23830.16339
371,new_ochotcil.txt,3001,0,261.5681099,1708.154082,268.2235562,785.0046463,105032,64235.79897,24345.57264,37.55385,-122.50694,37.93498,-122.04356,56338.96739,42427.19753,51583.22564
372,new_ochtin.txt,3001,0,471.7812845,713.1244227,361.1654491,543.1718169,9530,14560.5894,11955.71331,37.52745,-122.49502,37.87238,-122.0952,49008.05936,38397.43196,44507.75881
373,new_ocjeng.txt,3001,0,235.9040673,379.8939358,233.175829,316.4150706,12615,4341.460141,3104.859626,37.37831,-122.48567,37.86817,-122.06882,54783.68487,54530.96576,46403.52974
374,new_ockihoba.txt,3001,0,233.9099681,407.1531577,270.423582,426.9108805,37689,8816.503671,10219.12925,37.61484,-122.51681,37.91005,-122.00227,59903.77097,32862.62688,57278.33079
375,new_ockoac.txt,3001,0,297.75328,859.8115756,319.5377103,1284.462725,453618,36334.68179,63719.27653,37.31965,-122.55456,37.90638,-122.03148,67883.30825,65314.48483,58228.99924
376,new_ockolral.txt,3001,0,353.2331795,2728.403484,381.7886863,2456.369293,15590,146808.1445,122362.3843,37.44928,-122.51353,37.82751,-122.14078,47209.1999,42104.371,41494.34019
377,new_ocshitcl.txt,3001,0,496.9333197,2783.780947,366.9977758,2281.323489,17247,148344.3534,122562.7594,37.49478,-122.51172,37.99347,-122.0007,64139.25641,55513.91686,56886.48619
378,new_ocwyit.txt,3001,0,269.3386477,464.5041865,219.3079893,300.0577631,77122,4024.925589,3072.417946,37.48592,-122.48573,37.81396,-122.23184,34362.51508,36517.24576,28262.90552
379,new_odklobci.txt,3001,0,481.130934,2653.991793,355.9298155,851.3716834,46658,140930.4753,34330.93096,37.46926,-122.49783,37.82467,-122.00156,59140.84707,39564.06022,55244.5237
380,new_odlorhem.txt,3001,0,310.3051573,1296.150021,334.9261782,812.977675,8272,47756.06155,23878.03078,37.55768,-122.5081,37.8272,-122.09511,48689.15976,30002.82916,45973.8365
381,new_odocjeca.txt,3001,0,220.418521,361.5981175,246.4534688,452.9895,19961,4308.064294,15772.38157,37.61346,-122.50987,37.83425,-122.2652,30251.41554,24578.23037,27236.53981
382,new_odolfev.txt,3001,0,272.7680383,557.5109226,365.1226056,1777.280025,51114,12289.67178,71333.5297,37.61387,-122.51673,37.90193,-122.1903,40186.03981,32066.69252,36338.02138
383,new_odoywug.txt,3001,0,236.0702297,1305.557861,260.1098541,1857.174155,18191,49359.06222,90302.37093,37.61451,-122.50712,37.80847,-122.38418,17929.89085,21591.52843,13685.6182
384,new_odscixam.txt,3001,0,362.9150312,562.4722992,327.2034136,489.9629166,16945,5076.16878,5510.314794,37.55433,-122.48396,37.8498,-122.00015,56643.88109,32891.56994,53857.48284
385,new_ofikco.txt,3001,0,328.5942432,1965.130547,351.2908968,1534.809541,16519,64787.94364,45351.56055,37.61342,-122.50936,37.80858,-122.38468,18124.45594,21725.11182,13879.31411
386,new_ofjeequo.txt,3001,0,341.2562078,1691.641864,288.5467443,454.4142555,43008,88766.16196,14493.7977,37.55364,-122.51686,37.90299,-122.19639,41301.94735,38889.46411,35674.55721
387,new_ofodwo.txt,3001,0,208.5969307,343.3555204,252.9566072,375.0896911,22070,6278.419281,7747.836559,37.61381,-122.51678,37.92566,-122.06106,54013.5415,34714.9832,50730.51834
388,new_ogawjem.txt,3001,0,277.9059435,536.8103366,249.2790932,546.4856227,26423,17432.63226,23911.42662,37.61395,-122.51094,37.82529,-122.1892,37963.83033,23526.26118,35815.93297
389,new_ogdygdyd.txt,3001,0,225.3667515,423.2698132,263.5136326,1696.901582,13178,11020.62959,85025.82707,37.61385,-122.50902,37.80854,-122.38457,18086.75152,21672.79166,13853.71063
390,new_oggluv.txt,3001,0,175.8435268,632.3789972,140.8704658,566.0112908,53155,17592.93232,24868.77424,37.61347,-122.50241,37.83831,-122.18938,37330.81892,25029.07431,34846.3402
391,new_ogijtri.txt,3001,0,252.4935551,424.5938741,246.3713921,342.3748381,34751,5353.611203,5338.197735,37.5891,-122.48809,37.82748,-122.18743,36354.86138,26536.34022,33469.3181
392,new_ogikligu.txt,3001,0,275.8568606,1346.710948,323.5444871,2029.155488,289120,62316.65095,97849.83241,37.61393,-122.55301,37.95587,-122.1878,45476.76736,38064.58668,40654.99123
393,new_ogjoch.txt,3001,0,294.2286445,504.4398275,282.1666893,538.4866509,7845,6779.356989,20972.59207,37.61416,-122.50874,37.90143,-122.26988,31629.89196,31978.75012,26589.77357
394,new_ognowwoz.txt,3001,0,288.6766592,952.4710047,297.3226375,887.361528,33938,45351.56055,42078.76752,37.36372,-122.50523,37.8571,-122.00065,63356.50842,54922.81037,56169.58866
395,new_ogofvoit.txt,3001,0,204.2629296,317.0104751,265.0491908,353.6118321,25487,4341.460141,4675.418613,37.61432,-122.50532,37.86846,-122.18963,38263.77254,28290.73539,35142.45005
396,new_ogphagpi.txt,3001,0,306.0551146,504.4389216,325.0623735,498.5885444,21923,8037.267235,5701.901497,37.42428,-122.51673,37.90263,-122.00082,64078.42247,53249.67842,57430.8385
397,new_ogshtcew.txt,3001,0,233.5951831,409.8751087,293.63807,620.8419689,14327,6345.210975,25648.01068,37.61414,-122.50505,37.91066,-122.18867,39399.22026,33008.45541,35219.2605
398,new_ogurjupo.txt,3001,0,323.1822042,1479.643227,344.6134289,1835.558976,15125,74739.90612,72201.82173,37.42165,-122.52082,37.92552,-122.19471,47106.62335,56090.55183,36302.39914
399,new_oilrag.txt,932,0,214.9822184,335.285164,254.8168783,377.276966,6469,2244.200934,3764.62278,37.61456,-122.49402,37.8256,-122.18745,36367.67383,23492.86534,34127.21629
400,new_oiphye.txt,3001,0,285.787541,486.0732286,311.7138873,956.2457189,11870,9818.379088,36802.22366,37.48672,-122.51091,37.87202,-122.22648,39112.52362,42891.3998,31662.60277
401,new_oipial.txt,3001,0,331.7197899,1980.200192,299.3905865,907.634334,39328,93508.37227,29087.78294,37.60533,-122.53674,37.9652,-122.3841,27404.71572,40060.54515,16991.80707
402,new_oirzgont.txt,3001,0,357.0186,814.2863291,373.6319716,2155.008684,53308,19903.92495,109538.3789,37.32095,-122.51048,37.80843,-122.05046,58841.04902,54266.02537,51209.19215
403,new_oivnabyo.txt,3001,0,381.5855774,1555.154389,398.5394843,3079.933677,19990,46871.0716,104729.3769,37.47195,-122.50899,37.88936,-122.1663,45530.5007,46465.86865,38148.0763
404,new_ojachme.txt,3001,0,263.7070232,488.5345837,282.7912941,778.1152094,6771,6011.252503,26983.84457,37.55228,-122.50119,37.82536,-122.19676,37590.3513,30399.12655,33888.99258
405,new_ojbaso.txt,3001,0,239.1955677,494.5350508,323.8411401,2882.715664,12210,14293.42262,141798.7674,37.61365,-122.5134,37.85088,-122.25613,31941.53408,26408.3228,28639.1654
406,new_ojfanni.txt,3001,0,290.4663531,1443.634449,297.2438187,818.3396314,20544,72335.40512,36668.64027,37.54697,-122.51378,37.90268,-122.09529,51166.99419,39597.45607,46586.0937
407,new_ojfequia.txt,3001,0,464.95,748.5904013,471.4937702,1215.095152,32293,18952.14331,55370.31472,37.42192,-122.50282,37.88306,-122.02917,59422.68103,51333.86998,52726.47681
408,new_ojfieza.txt,3001,0,431.1551403,720.5253487,315.1550968,430.1291887,40133,19369.5914,6345.210975,37.6021,-122.51328,37.80847,-122.37473,19742.58974,22973.00332,15423.31545
409,new_ojpoota.txt,3001,0,291.9959738,757.086691,374.7490235,1549.399121,27839,32238.12453,74472.73934,37.47108,-122.51673,37.90188,-122.00481,62471.53553,47956.43663,56986.67373
410,new_ojroigna.txt,3001,0,338.6995079,1475.969367,308.0193576,1515.69735,8576,52698.64694,59244.233,37.60151,-122.50616,37.82727,-122.2506,31471.46234,25131.48824,28448.80907
411,new_ojumna.txt,3001,0,263.1283243,526.4242922,300.9867493,494.4961716,20005,12356.46348,13224.75551,37.50216,-122.51184,37.82563,-122.18956,40722.76559,36008.51569,35876.04549
412,new_ojvighta.txt,3001,0,308.3063258,1177.461537,284.9063712,638.0924607,13555,57908.39911,19302.7997,37.55592,-122.50664,37.99292,-122.29373,35230.40833,48646.61748,23701.03278
413,new_ojwyky.txt,3001,0,275.1182978,548.7663747,301.3258348,984.212545,26062,10085.54587,31525.67979,37.58418,-122.51027,37.80842,-122.36275,21188.16908,24962.28262,16421.85128
414,new_okavkau.txt,3001,0,371.0265281,580.8167593,297.6840697,739.1475759,47314,7948.211643,34464.51435,37.55275,-122.5328,37.89429,-122.26907,35734.41741,38020.05889,29358.28931
415,new_okblahed.txt,3001,0,293.2176895,473.663307,284.1745232,372.5485369,28420,5309.939711,3453.311123,37.61379,-122.49972,37.82752,-122.11801,44353.76387,23792.31477,42491.76283
416,new_okchympy.txt,3001,0,419.6635466,4291.43789,412.9513638,6396.644179,21595,225421.9689,336830.5152,37.6138,-122.54011,37.99828,-122.38479,28752.31456,42800.11782,17290.14331
417,new_okneydy.txt,3001,0,268.5659231,432.1504232,280.8375472,410.337903,50971,3720.297382,3792.606652,37.43047,-122.49745,37.82633,-122.09509,50601.66559,44066.93363,44790.51032
418,new_oknscocy.txt,3001,0,218.5635965,387.738193,245.6026183,429.4422577,34348,6144.835892,11287.79637,37.6135,-122.51361,37.80907,-122.38315,18637.38525,21770.75281,14522.74077
419,new_okquakar.txt,3001,0,291.2896679,745.816917,305.9131403,747.0810783,9857,32527.55521,32060.01335,37.58327,-122.47689,37.82637,-122.19617,34439.26127,27061.76821,31249.60746
420,new_oksbosfl.txt,3001,0,394.7694661,1136.60961,345.2040479,730.4781225,47066,36468.26518,26516.30271,37.41025,-122.50436,37.80964,-122.12128,48819.26539,44459.89143,42644.27053
421,new_oktulsy.txt,3001,0,191.471609,786.4728975,234.6810456,1109.630626,8045,25273.97719,39874.6416,37.54448,-122.48983,37.8271,-122.27025,29687.59625,31461.11449,24443.53379
422,new_okvats.txt,3001,0,147.9043135,726.7204847,170.4439037,756.9498477,50425,36134.30671,38004.47416,37.61433,-122.50711,37.82906,-122.36469,20389.37349,23903.63426,15854.12188
423,new_oljnek.txt,3001,0,374.0381975,1542.898755,350.3872984,1177.784318,15252,73170.3013,55904.64828,37.61168,-122.51068,37.92123,-122.18962,40216.19374,34458.94838,35740.23571
424,new_omcuky.txt,3001,0,293.4598396,672.797402,247.1285743,539.496317,50643,21557.01939,19987.41457,37.54481,-122.51143,37.85466,-122.27179,32450.88846,34492.34422,26676.60277
425,new_omdrid.txt,3001,0,309.1418204,1937.393362,356.5174421,2442.179468,15294,93241.20549,103059.5846,37.61393,-122.5031,37.85283,-122.34768,22420.44,26594.22635,17301.27526
426,new_omluaj.txt,3001,0,294.9973252,1176.204229,264.778717,656.6333883,1319,57641.23233,30323.42929,37.60195,-122.4946,37.82523,-122.18723,36708.95978,24855.4159,34216.27189
427,new_omwyek.txt,3001,0,245.4884476,432.576393,268.7487104,344.5680078,34434,7647.649018,4274.668446,37.55509,-122.51381,37.82501,-122.18821,39651.69265,30047.35695,36245.6262
429,new_oncalku.txt,3001,0,185.8406715,319.8771568,208.4136367,319.7071112,12701,2445.318148,4488.958466,37.61348,-122.51235,37.92078,-122.26072,33471.8179,34208.47952,28011.32347
428,new_onannsov.txt,3001,0,254.799556,1345.390805,310.6271342,2235.698407,10542,66012.45804,118904.0588,37.6148,-122.5141,37.90268,-122.1775,41206.60257,32046.65501,37470.1406
430,new_oncixpi.txt,3001,0,372.3499763,672.586567,297.961196,617.857713,16537,15517.93702,26160.08034,37.5074,-122.51683,37.93014,-122.27057,37243.75038,47059.20154,27413.5378
433,new_ononma.txt,3001,0,213.9626275,414.1677171,253.9943196,575.3783701,11961,9551.21231,19369.5914,37.61353,-122.50982,37.80905,-122.38558,18100.97933,21765.18684,13830.33354
432,new_onkawcel.txt,3001,0,318.4109666,3355.745046,420.2470956,7022.735792,13812,181706.8048,381747.9298,37.42671,-122.53912,37.89732,-122.12094,54331.97481,52388.06556,46551.58466
431,new_onghoji.txt,3001,0,312.2132591,498.135946,293.283376,592.7692027,26535,6116.21088,23811.23908,37.52692,-122.55933,37.96215,-122.24151,43882.3871,48449.58198,35379.56056
434,new_onvahe.txt,3001,0,241.2152959,718.3163107,251.6783151,431.6452439,15651,34063.76418,13291.5472,37.39383,-122.48994,37.81306,-122.0924,50793.30651,46668.47013,44253.95037
435,new_onwohyss.txt,3001,0,497.3040959,1627.472461,350.5916751,808.6649271,31450,80817.95032,31458.8881,37.38452,-122.54889,37.91083,-122.00633,68019.87806,58588.5612,60397.50292
436,new_onyacju.txt,3001,0,441.5474001,2287.676894,454.0378651,3027.254618,15705,78714.01194,132581.5135,37.38916,-122.52865,37.99262,-122.07756,61727.17311,67176.85991,50215.1091
438,new_oocsodpl.txt,3001,0,185.5988651,349.9447804,221.65379,673.9819572,47473,7146.711309,29922.67913,37.61455,-122.50604,37.85884,-122.24159,32842.62928,27194.23841,29438.43934
437,new_onyenre.txt,3001,0,222.6560827,1281.863165,264.485488,1559.077429,9441,67793.56989,80884.74201,37.61388,-122.5108,37.80845,-122.38424,18262.87284,21659.43332,14088.59475
439,new_oogchyog.txt,3001,2,662.0644839,4864.498851,767.7579831,6014.974192,22240,183510.1806,184144.7017,37.55397,-122.50711,37.89632,-122.00956,59003.80209,38110.22767,55387.01264
440,new_ootquoa.txt,3001,0,204.373554,581.8626478,240.0801775,552.0393433,51186,25247.26051,20349.20292,37.39068,-122.50986,37.82797,-122.14387,48347.55071,48678.90013,40741.82044
441,new_ootyecls.txt,3001,0,319.7698682,1100.245564,260.1340015,606.830682,16695,52631.85525,27584.96982,37.61375,-122.49998,37.80846,-122.38203,17538.25922,21675.01805,13130.13394
442,new_oowfmu.txt,1509,0,293.759403,489.4873745,261.7416459,432.5809865,43893,3368.209736,5076.16878,37.36673,-122.48932,37.86123,-122.05412,56664.59386,55047.4882,48446.24239
443,new_opgovebo.txt,3001,0,332.1376932,1001.985345,279.9548675,655.4398742,34708,26293.66373,26538.56661,37.61383,-122.52772,37.90356,-122.18769,41602.03998,32252.59607,37851.96645
445,new_ophugbe.txt,3001,0,289.1201362,512.6190314,265.8333771,419.8044849,13061,9217.253838,11421.37976,37.52059,-122.50975,37.84705,-122.24083,35704.75503,36341.36096,29936.03746
444,new_ophgir.txt,3001,0,241.714616,668.1240299,287.0780056,1449.834311,26594,17566.21565,55792.90063,37.61388,-122.51121,37.89898,-122.00153,59211.62342,31737.18683,56737.31807
446,new_opjermp.txt,3001,0,238.9828773,519.2592503,265.5391429,1274.869697,32909,18768.46615,53232.9805,37.61397,-122.51093,37.82779,-122.22031,34770.42801,23802.33352,32351.67041
447,new_opmisa.txt,3001,0,254.9855652,519.4255323,269.1505698,741.6405763,66785,12247.92697,23109.92629,37.61415,-122.48698,37.82802,-122.27386,26933.4259,23807.8995,23724.40988
448,new_opnown.txt,3001,0,245.025271,899.7587804,273.5609265,1169.985483,47635,40854.25312,57084.63488,37.61403,-122.51021,37.84462,-122.25344,31717.55879,25669.16138,28583.50565
449,new_oquiat.txt,3001,0,209.3570153,402.349014,261.5112224,534.6345816,12067,6979.732073,22341.8218,37.61387,-122.51119,37.86302,-122.18832,38885.08929,27735.25113,35941.72399
450,new_orkbats.txt,3001,0,313.2117432,724.7510277,266.9908812,591.7776487,14381,23577.46815,24312.17679,37.5475,-122.50971,37.82251,-122.29817,28699.69741,30613.97316,23548.52508
451,new_orocdu.txt,3001,0,217.6541675,550.6842536,211.3370922,472.2490367,8571,17132.06963,12234.01204,37.55008,-122.48465,37.82441,-122.18762,36879.79106,30538.27591,33065.22835
452,new_orptme.txt,3001,0,266.1237625,507.4294353,267.4077391,406.2710185,21655,10252.5251,4875.793697,37.614,-122.53717,37.98925,-122.03525,60163.76565,41772.63892,55873.47882
453,new_orrrar.txt,3001,0,240.8734289,435.2634674,258.5969952,748.0355993,14241,6679.169448,34865.26452,37.48171,-122.51755,37.89972,-122.19002,44152.54056,46532.66035,36460.47282
454,new_orsyalf.txt,3001,0,269.2496705,462.6999363,279.4595409,645.3408921,30029,4040.897516,28052.51168,37.57264,-122.51034,37.82524,-122.18729,38982.31471,28119.30337,35961.7615
455,new_osacmu.txt,3001,0,206.4268178,457.8949078,261.2868645,537.7681804,50412,17833.38243,21640.50901,37.4021,-122.50395,37.82649,-122.00768,60725.97504,47242.8787,55244.5237
456,new_osckro.txt,3001,1,464.9745277,5460.86649,351.8803455,1232.575661,17975,282328.4925,45885.89411,37.52022,-122.50971,37.83984,-122.18925,40435.60919,35579.93565,35673.44402
457,new_oshyon.txt,3001,0,261.3190787,863.7912548,280.1197083,623.2990827,9539,33796.5974,17499.42395,37.61382,-122.49559,37.85547,-122.25569,30342.48634,26900.35495,26705.54584
458,new_osoccef.txt,3001,0,310.578892,641.5302587,324.307285,717.2636024,7793,23377.09307,29521.92896,37.50929,-122.51368,37.85904,-122.06526,54077.25889,38933.9919,49917.88606
460,new_otfahona.txt,3001,0,210.3033953,1094.350909,287.4560419,1720.623566,78485,45919.28995,72502.38435,37.59224,-122.50837,37.92863,-122.28836,31660.5577,37446.76351,24491.40117
459,new_otasfier.txt,3001,0,363.6020891,554.0363189,293.0999391,383.8895807,17027,7180.107156,2599.988887,37.57132,-122.5168,37.94734,-122.19584,42171.08721,41858.35493,35729.10377
461,new_otmegok.txt,3001,0,183.2698817,537.1433811,198.8415155,605.7394053,195034,13658.90152,26649.8861,37.61401,-122.50409,37.92452,-122.26909,32048.87397,34565.81509,26160.08034
462,new_otscokdr.txt,3001,0,299.9906452,969.4540247,287.14305,1069.701207,17278,40075.01669,50561.31272,37.52246,-122.51035,37.8256,-122.18807,40163.62938,33745.39044,35876.04549
463,new_otswrank.txt,3001,0,285.9347212,2119.150772,332.8920465,2928.893158,13086,108863.7828,155678.0815,37.58844,-122.50829,37.87215,-122.16055,42235.30461,31582.45273,38710.23973
464,new_otvasdar.txt,3001,0,268.1678692,435.0881982,269.5914517,349.9145628,17348,6634.641651,4764.474206,37.54451,-122.49997,37.87175,-122.26893,32282.32236,36428.19017,25719.25515
465,new_ouvdank.txt,3001,0,270.7214481,1388.297071,318.3013523,2416.780858,92258,52331.29262,100966.7781,37.49744,-122.50464,37.89897,-122.00099,60929.10621,44698.11514,56066.06154
466,new_ovkojy.txt,3001,0,225.241272,975.9801266,250.788378,799.9905091,10110,27384.59474,31859.63826,37.61435,-122.51378,37.82531,-122.1886,38318.01142,23483.95978,36198.87202
467,new_ovnacgad.txt,3001,0,393.6819321,1547.552112,304.4300206,464.952273,19510,78650.9309,10586.48357,37.51124,-122.5127,37.82548,-122.19648,39869.61053,34981.03679,35201.44938
468,new_ovyijna.txt,3001,0,221.0255578,688.2039548,227.141257,366.253698,36490,31325.30471,9669.9531,37.57012,-122.50618,37.86619,-122.26535,32099.10453,32958.36164,26809.07297
469,new_owbsuscs.txt,3001,0,273.9907728,469.4986558,239.1196237,333.0864082,29314,7079.919614,5731.94178,37.61397,-122.50294,37.80793,-122.38424,17571.8394,21591.52843,13213.62356
470,new_owgves.txt,3001,0,273.2077387,2964.837487,341.2749055,4672.575547,15722,160801.0045,254476.356,37.44547,-122.51085,37.88188,-122.2281,40831.02344,48580.93898,31475.58602
473,new_oxdoghic.txt,3001,0,345.193637,738.1188955,310.1238124,399.5610527,117358,28520.05354,7146.711309,37.51728,-122.50732,37.86936,-122.2644,34233.63253,39193.36632,27041.7307
471,new_owhagme.txt,3001,0,224.161122,776.5498109,220.8631229,886.3662185,125489,37069.39043,46086.26919,37.6136,-122.54143,37.99703,-122.19676,44657.71667,42683.23235,38368.48889
472,new_owufrey.txt,3001,0,447.2524737,642.8397375,305.6291566,460.305729,48598,6305.135959,12690.42195,37.5863,-122.65756,37.99589,-122.19329,57172.98031,45595.35023,51682.29999
474,new_oyclsdas.txt,3001,0,253.8893074,474.5573274,208.7645997,343.9379622,77918,3536.77925,5009.377086,37.61433,-122.52229,37.97143,-122.38282,26382.94387,39752.19016,15525.72938
475,new_oydtesa.txt,3001,0,265.9545942,910.7109838,302.2218921,1336.455928,13454,43481.3931,59578.19147,37.52664,-122.50818,37.88842,-122.17297,43088.02795,40273.16538,37315.40651
476,new_oygmebra.txt,3001,0,355.7005643,546.9177919,357.9626853,531.3093724,116525,3642.111811,5076.16878,37.32239,-122.48411,37.87445,-122.00329,62768.24638,61455.03809,53524.63756
478,new_ubgihoot.txt,3001,0,310.2645866,511.8321178,289.1187485,410.3035745,5815,2632.378547,4875.793697,37.47288,-122.48982,37.99393,-122.16833,47359.64432,58003.02068,35788.1031
477,new_oygvar.txt,3001,0,205.3793562,379.5814452,210.6855451,367.3008054,52951,5209.752169,6238.344264,37.56376,-122.5038,37.85867,-122.19694,38411.66308,32829.23103,34159.49894
479,new_ubjajo.txt,3001,0,330.0665221,731.2155669,297.2979765,1126.63099,20038,26917.05287,58041.9825,37.57209,-122.50407,37.84883,-122.26057,31732.67757,30806.55588,27106.29601
480,new_ubjaju.txt,3001,0,193.9085896,388.7638383,196.644165,355.0387021,12360,2938.834557,5276.543864,37.61344,-122.51378,37.82555,-122.19256,37924.83901,23611.97719,35758.04683
483,new_ucbiyaym.txt,3001,0,343.329389,741.8796308,308.8513187,684.3836884,22208,26516.30271,28252.88676,37.56695,-122.50845,37.87479,-122.1872,40187.87956,34268.59205,35761.38642
482,new_ubzachy.txt,3001,0,234.4245344,407.9480445,249.0998753,1230.431869,48599,6278.419281,56505.77353,37.61443,-122.49802,37.82527,-122.1967,35816.44837,23470.60144,33542.78897
481,new_ubnankke.txt,3001,0,394.168575,614.520231,327.1133415,582.3374393,29405,11721.94238,16564.34023,37.374,-122.50975,37.82776,-122.05675,57190.75045,50512.33214,50427.72933
484,new_ucdewy.txt,3001,0,257.0050889,1615.623782,283.897017,1118.142944,308848,55771.06489,34397.72266,37.71026,-122.49067,37.82874,-122.26612,25975.43984,13189.13327,24996.79166
485,new_ucgewft.txt,3001,0,269.7360912,432.9270675,279.1363844,374.7308928,14053,4478.75418,2952.192896,37.55369,-122.50075,37.86946,-122.18864,39507.11756,35151.35561,34743.92627
486,new_uchjafy.txt,3001,0,388.7481245,2081.755509,346.0173959,876.1987404,23466,108736.8786,27317.80304,37.52889,-122.50979,37.87172,-122.00021,60271.64368,38163.66103,56726.18612
487,new_ucovlato.txt,3001,0,333.6998036,610.3322595,288.483796,1107.68071,12619,13091.17212,55771.06489,37.56475,-122.48504,37.88196,-122.18931,37954.15612,35311.65567,32920.51301
488,new_ucvepnuv.txt,3001,0,272.997561,459.5531449,256.6728406,506.515854,65889,4835.71868,17258.97385,37.36948,-122.50384,37.87879,-122.11181,53129.01367,56696.12986,43640.57998
490,new_udthon.txt,3001,0,239.4896245,914.6935344,274.7481972,1077.818077,33772,26850.26118,42516.62418,37.59898,-122.50996,37.86839,-122.1886,39207.95406,29990.58401,35773.63156
489,new_udguic.txt,3001,0,509.9233075,5489.308853,370.6241388,2248.054715,38955,242053.1008,114013.4225,37.42319,-122.50945,37.85591,-122.10106,52244.40576,48170.17006,45461.76685
491,new_udtiogi.txt,3001,0,284.4927486,488.5016871,226.4031512,374.1696623,15811,4443.612144,9818.379088,37.52718,-122.48518,37.80843,-122.23239,32751.7474,31308.60679,28140.45408
492,new_udveoyx.txt,3001,0,330.3391772,871.209602,300.9781404,1466.11686,12837,32694.53445,71066.36292,37.55531,-122.50395,37.82745,-122.02223,56010.03077,30294.48622,53624.8251
493,new_udwadla.txt,3001,0,374.3143299,761.9749362,312.813945,746.4105479,27031,16096.79837,26249.13593,37.44081,-122.52651,37.98802,-122.14195,53796.72961,60915.13856,42809.02338
494,new_udwebir.txt,3001,0,255.791794,437.12604,250.5602785,407.9768185,70935,4141.085057,10553.08773,37.61386,-122.4903,37.82533,-122.18805,35925.56358,23540.73272,33646.31609
495,new_udwiull.txt,3001,0,334.476152,1034.055346,291.5644007,480.7167605,17722,46353.43597,15896.42329,37.61395,-122.51094,37.87236,-122.25211,32672.82876,28766.06962,28812.8238
496,new_ufdoyno.txt,3001,0,337.2174969,544.2207886,345.1745249,510.2768358,53865,7213.503003,7747.836559,37.33858,-122.50828,37.8582,-122.00297,64164.8386,57843.83381,56250.85189
497,new_ugatna.txt,3001,1,268.473357,890.0352635,280.751801,835.7975415,8592,37202.97382,32277.08636,37.61393,-122.50863,37.85379,-122.26656,30507.36157,26701.09306,26947.10914
498,new_ugdifbl.txt,3001,0,283.133201,991.6933976,289.1457076,751.3991461,19209,36401.47349,21440.13393,37.5828,-122.51131,37.82542,-122.18727,38859.11338,27008.33486,36071.9678
499,new_uggdye.txt,3001,0,252.5414084,424.0863068,259.0207385,447.2268241,24270,5076.16878,17900.17412,37.4282,-122.51377,37.80896,-122.14116,47267.62783,42386.00931,41478.75546
500,new_ugifmav.txt,3001,1,382.1308175,1155.5183,425.4175265,2186.852425,46371,32158.23643,66108.06184,37.58066,-122.52465,37.91006,-122.17522,43566.67443,36668.64027,38898.36967
501,new_ugthfu.txt,3001,0,205.6438784,1120.124564,252.0709008,1052.059996,82010,50093.77086,29187.97049,37.6139,-122.51134,37.85779,-122.2977,27879.72224,27149.71061,23782.29601
502,new_ujhuki.txt,3001,0,262.515804,557.7960528,273.2982955,423.8036659,22497,17757.04906,8682.920282,37.41864,-122.50787,37.80866,-122.20258,41168.26458,43416.8278,33984.72734
503,new_ujkiwe.txt,3001,0,200.6927958,398.4851917,236.011801,829.7336145,26107,5095.252121,36802.22366,37.58952,-122.47935,37.8683,-122.29588,26333.48958,31033.64764,20423.78698
504,new_ujnawwe.txt,3001,0,272.8068649,872.8939594,319.0482397,1592.656378,6796,24612.73941,48206.90549,37.61478,-122.51683,37.90305,-122.18762,40471.13672,32090.06961,36647.48956
505,new_ujtosh.txt,3001,0,237.2941047,437.2901,269.1249232,757.5725396,48715,9350.837227,36067.51502,37.52748,-122.53676,37.93891,-122.26013,39376.20068,45800.1781,30794.31074
506,new_ujtrud.txt,3001,1,229.5408528,889.4976193,255.0670689,1640.0097,17852,44610.17274,88712.7286,37.47977,-122.48504,37.86356,-122.1991,39186.35718,42723.30737,31830.6952
507,new_ukgoaf.txt,3001,0,252.0280256,476.2338933,253.867391,342.6888082,28218,9306.30943,5389.575962,37.61411,-122.51375,37.82801,-122.24551,32469.05197,23811.23908,29860.34021
508,new_uklsdryo.txt,3001,0,321.450808,511.3662721,292.1827108,410.8544957,21942,9551.21231,9284.045532,37.52556,-122.50515,37.88314,-122.24827,35665.80466,39805.62352,28595.75079
509,new_uljior.txt,3001,0,234.1821238,776.6758753,253.1235566,689.0827926,9105,35132.43129,31859.63826,37.44611,-122.5039,37.84064,-122.14106,46721.16259,43918.8787,40391.16404
510,new_umhenwed.txt,3001,1,386.2721491,760.4999229,305.0715504,559.9050808,28005,24059.48155,16557.66106,37.41456,-122.50459,37.89256,-122.09175,54040.67649,53210.7166,45957.13858
511,new_umsmtha.txt,3001,0,267.5055745,499.9070751,345.1335718,1656.036521,7648,8348.96181,57040.10708,37.61401,-122.48288,37.93919,-122.18998,37921.13204,36198.87202,32605.47885
512,new_umvohug.txt,3001,0,205.7702369,314.4815505,229.4555689,303.7468494,21816,2511.77251,7060.836273,37.61387,-122.51382,37.80849,-122.38496,18463.36077,21664.9993,14344.62958
513,new_unquekov.txt,3001,0,265.5851191,847.3061941,269.7230425,759.1024165,43599,37269.76552,34130.55588,37.55626,-122.50323,37.91054,-122.00621,59195.98796,39438.2692,55328.01331
514,new_unwrain.txt,3001,0,595.1340424,3267.220639,401.8640156,674.8042063,28570,169784.4874,19569.96648,37.44348,-122.52842,37.90535,-122.14799,50495.90921,51415.13321,42349.27388
515,new_upchimy.txt,3001,0,250.0362118,627.6817101,249.583323,416.8376634,25770,23644.25984,12356.46348,37.55428,-122.51118,37.83161,-122.27186,31356.87924,30872.23438,26640.98054
516,new_upsjavci.txt,3001,0,215.4520006,479.5514224,261.4465169,438.9241765,16311,14427.00601,11227.68384,37.61425,-122.50808,37.82565,-122.19167,37405.76589,23532.94035,35222.60008
517,new_upthin.txt,3001,1,5430.77396,20460.97688,6829.165048,28920.41144,2154,409433.0871,1099725.25,37.59992,-122.50998,37.84139,-122.23742,33581.83014,26880.31744,30341.24041
518,new_urfhod.txt,3001,0,337.9339777,664.0730825,371.1062836,1010.009857,11811,14052.97252,34798.47282,37.44145,-122.51129,37.94322,-122.14111,50894.3406,55856.7809,41208.2491
519,new_usadrifo.txt,3001,0,227.1841844,385.1472386,233.1242568,364.5976074,101619,3172.605488,7921.494965,37.38715,-122.51725,37.87957,-122.07814,56984.35614,54815.94366,48881.5016
521,new_ushfeoj.txt,3001,0,316.1845564,496.0496516,307.7861078,586.8365448,5164,4523.281976,19386.28932,37.42628,-122.51684,37.90247,-122.12051,52437.06191,53009.22832,44119.25379
520,new_usbekhia.txt,3001,0,249.3621177,868.5132299,305.253904,1694.428872,18332,42279.1426,87497.11976,37.59221,-122.50971,37.82569,-122.18857,38358.89276,25990.87471,35749.14127
522,new_uthiss.txt,3001,0,422.5890222,1153.567815,410.0750703,2093.069985,37347,33629.61817,68862.237,37.31666,-122.51996,37.93604,-122.00249,68357.13905,68949.06621,57604.4969
523,new_uthomoov.txt,3001,0,221.3246156,368.3830026,228.8917406,303.165581,23672,4475.04353,8081.795032,37.58436,-122.51112,37.86713,-122.20351,38162.71021,31477.81241,34242.98856
527,new_utlurva.txt,3001,0,297.9023839,711.1045986,268.1811869,458.5792789,11784,21857.58202,15295.29804,37.32871,-122.48189,37.80855,-122.052,55707.07781,53415.54446,47855.1359
526,new_utkibedy.txt,3001,0,585.6085744,8619.464485,330.7755659,1570.690157,29838,365884.9023,79214.94965,37.48213,-122.50916,37.89503,-122.04134,57571.22794,45963.81775,52077.48418
525,new_utjanre.txt,3001,0,326.0191245,916.3228264,278.8243378,418.2718692,21926,41010.10041,9016.878754,37.61378,-122.51702,37.91431,-122.12043,47633.57977,33454.84657,44148.19685
524,new_uthsyis.txt,3001,0,616.5190105,1397.21914,460.117807,1424.942452,124958,66992.06956,73003.32206,37.40139,-122.47867,37.82565,-122.09295,49800.10107,47228.40716,42938.15399
528,new_utthwaju.txt,3001,0,217.4020667,933.4885272,259.7625111,796.5353398,98433,43414.60141,31458.8881,37.61376,-122.48574,37.80843,-122.38423,16210.51969,21670.56527,11300.04151
530,new_utvohovy.txt,3001,0,254.6061001,509.458097,220.6626781,327.0774708,27303,12556.83856,5677.29403,37.61389,-122.5138,37.80864,-122.38445,18510.59631,21679.47083,14399.17613
529,new_uttorhig.txt,3001,0,273.9318454,476.7264368,328.2490758,533.7271992,9278,11621.75484,11354.58806,37.42731,-122.51707,37.90275,-122.00651,63469.11265,52925.7387,56835.27922
531,new_utwoab.txt,3001,0,278.1299517,448.141666,326.6224259,530.8277067,18779,8471.413249,10820.25451,37.45875,-122.50955,37.84025,-122.0952,51405.83602,42468.38574,46125.23101
532,new_uvburki.txt,3001,0,319.4359942,980.7623227,337.0031054,810.4330677,18032,30924.55454,17365.84056,37.57925,-122.50727,37.82765,-122.22542,34692.01154,27651.76151,31375.39848
533,new_uvigcho.txt,3001,2,372.8349104,2506.794435,541.7664417,5144.511672,13190,92205.93422,201911.2924,37.61355,-122.50666,37.88043,-122.19684,37976.61629,29708.9457,34489.00464
536,new_uvreoipy.txt,3001,0,383.1276508,588.1975357,348.4929701,581.5734537,35302,7881.419948,16497.54854,37.43394,-122.49497,37.94721,-122.05973,57257.48763,57136.95504,48450.69517
534,new_uvjeahot.txt,3001,0,347.7511871,557.1386367,321.4688547,451.7983277,20216,5493.616871,4917.538506,37.34074,-122.50769,37.84755,-122.00155,63883.26966,56417.83113,56343.24707
535,new_uvjova.txt,3001,0,314.4059114,2200.720636,306.8098741,1707.508638,51000,86495.24435,74739.90612,37.55408,-122.50947,37.99687,-122.26249,38117.21313,49291.15733,27493.68784
